<?xml version = '1.0' encoding = 'UTF-8'?>
<FKIndexAssociation class="oracle.dbtools.crest.model.design.relational.FKIndexAssociation" directorySegmentName="seg_0" id="20A4968C-5886-1493-E645-63989070CCA4" containerWithKeyObject="7D0EB587-F8C2-91DB-9E20-E0F498092A2E" localFKIndex="DD65B58B-709D-43BF-F63B-DDFDEE63334F" name="AGENDA_MEDICO_MEDICO_FK">
<createdBy>logonrmlocal</createdBy>
<createdTime>2023-11-30 23:21:38 UTC</createdTime>
<generatorID>2750F36F-8550-8781-9926-CBA89A6F33AE</generatorID>
<ownerDesignName>database</ownerDesignName>
<referredTableLongName>MEDICO</referredTableLongName>
<deleteRule>NO ACTION</deleteRule>
<referredTableID>C3229445-ACA5-6089-C2CB-AE23D563203E</referredTableID>
<keyObject>DE7C2780-4FEC-2CFE-F194-A4B544EDCB4B</keyObject>
<referredKeyID>DE7C2780-4FEC-2CFE-F194-A4B544EDCB4B</referredKeyID>
<mandatory>true</mandatory>
<refColNames>COD_MEDICO</refColNames>
<transferable>true</transferable>
<rely>false</rely>
<columnDependencyConstraintGenerateInDDL>true</columnDependencyConstraintGenerateInDDL>
</FKIndexAssociation>
