<?xml version = '1.0' encoding = 'UTF-8'?>
<FKIndexAssociation class="oracle.dbtools.crest.model.design.relational.FKIndexAssociation" directorySegmentName="seg_0" id="35991129-566E-02E1-7058-1611A4BBE042" containerWithKeyObject="FAF950EF-EC46-4D99-6980-711D6C9F2289" localFKIndex="603107C1-5707-75D8-49E3-5702098D668E" name="ESPECIALIDADE_MEDICO_FK">
<createdBy>logonrmlocal</createdBy>
<createdTime>2023-11-30 23:21:38 UTC</createdTime>
<generatorID>19F4117D-3FDE-A6D6-AEBD-2A3D466666E4</generatorID>
<ownerDesignName>database</ownerDesignName>
<referredTableLongName>MEDICO</referredTableLongName>
<deleteRule>NO ACTION</deleteRule>
<referredTableID>C3229445-ACA5-6089-C2CB-AE23D563203E</referredTableID>
<keyObject>DE7C2780-4FEC-2CFE-F194-A4B544EDCB4B</keyObject>
<referredKeyID>DE7C2780-4FEC-2CFE-F194-A4B544EDCB4B</referredKeyID>
<mandatory>true</mandatory>
<refColNames>COD_MEDICO</refColNames>
<transferable>true</transferable>
<rely>false</rely>
<columnDependencyConstraintGenerateInDDL>true</columnDependencyConstraintGenerateInDDL>
</FKIndexAssociation>
