<?xml version = '1.0' encoding = 'UTF-8'?>
<FKIndexAssociation class="oracle.dbtools.crest.model.design.relational.FKIndexAssociation" directorySegmentName="seg_0" id="36B58C69-D0BB-C9B3-ACB5-AD13869C0D62" containerWithKeyObject="AFFF0493-4770-C6B5-92CC-D5520C534CDB" localFKIndex="EBBD8F1E-0C20-E32C-90F4-1229F1F969C9" name="DIAGNOSTICO_MEDICO_FK">
<createdBy>logonrmlocal</createdBy>
<createdTime>2023-11-30 23:21:38 UTC</createdTime>
<generatorID>FB84CABD-CEF6-E5D1-934F-8A700ED93339</generatorID>
<ownerDesignName>database</ownerDesignName>
<referredTableLongName>MEDICO</referredTableLongName>
<deleteRule>NO ACTION</deleteRule>
<referredTableID>C3229445-ACA5-6089-C2CB-AE23D563203E</referredTableID>
<keyObject>DE7C2780-4FEC-2CFE-F194-A4B544EDCB4B</keyObject>
<referredKeyID>DE7C2780-4FEC-2CFE-F194-A4B544EDCB4B</referredKeyID>
<mandatory>true</mandatory>
<refColNames>COD_MEDICO</refColNames>
<transferable>true</transferable>
<rely>false</rely>
<columnDependencyConstraintGenerateInDDL>true</columnDependencyConstraintGenerateInDDL>
</FKIndexAssociation>
