<?xml version = '1.0' encoding = 'UTF-8'?>
<FKIndexAssociation class="oracle.dbtools.crest.model.design.relational.FKIndexAssociation" directorySegmentName="seg_0" id="8CE53B73-3518-BB4C-5704-CE97631A7849" containerWithKeyObject="F26C2FC0-A446-D113-3F88-D16146945735" localFKIndex="38B101C7-7796-A578-3E15-BE6CCF80132C" name="PESSOA_PESSOA_FISICA_FK">
<createdBy>logonrmlocal</createdBy>
<createdTime>2023-11-30 23:21:38 UTC</createdTime>
<generatorID>5BA52756-B0C1-4B17-8EBB-9B0FBC39F354</generatorID>
<ownerDesignName>database</ownerDesignName>
<referredTableLongName>PESSOA_FISICA</referredTableLongName>
<deleteRule>NO ACTION</deleteRule>
<referredTableID>0AB5525D-287F-790B-34CC-2B1C352460C7</referredTableID>
<keyObject>352948FE-CF67-4B71-D967-A2AA09F7ABE2</keyObject>
<referredKeyID>352948FE-CF67-4B71-D967-A2AA09F7ABE2</referredKeyID>
<mandatory>true</mandatory>
<refColNames>CPF</refColNames>
<transferable>true</transferable>
<rely>false</rely>
<columnDependencyConstraintGenerateInDDL>true</columnDependencyConstraintGenerateInDDL>
</FKIndexAssociation>
