<?xml version = '1.0' encoding = 'UTF-8'?>
<FKIndexAssociation class="oracle.dbtools.crest.model.design.relational.FKIndexAssociation" directorySegmentName="seg_0" id="045ADBE4-DCED-CB82-5B2C-2F7879DFFFA2" containerWithKeyObject="FB0BE34B-7E9F-F3CA-B4FD-52C624523C7E" localFKIndex="A9F93BF1-4EDE-671C-D383-318E7AB9FE69" name="TELEFONE_PESSOA_FK">
<createdBy>logonrmlocal</createdBy>
<createdTime>2023-11-22 00:22:35 UTC</createdTime>
<generatorID>C1C407F1-75AD-F6D5-857E-04EF60B0B5E8</generatorID>
<ownerDesignName>database</ownerDesignName>
<referredTableLongName>PESSOA</referredTableLongName>
<deleteRule>NO ACTION</deleteRule>
<referredTableID>16954502-3922-582B-C4CE-EBEF097964C7</referredTableID>
<keyObject>B13CA7F1-6B4F-27FF-2DC5-5AB13B42FBD1</keyObject>
<referredKeyID>B13CA7F1-6B4F-27FF-2DC5-5AB13B42FBD1</referredKeyID>
<mandatory>true</mandatory>
<refColNames>COD_PESSOA</refColNames>
<transferable>true</transferable>
<rely>false</rely>
<columnDependencyConstraintGenerateInDDL>true</columnDependencyConstraintGenerateInDDL>
</FKIndexAssociation>
