<?xml version = '1.0' encoding = 'UTF-8'?>
<FKIndexAssociation class="oracle.dbtools.crest.model.design.relational.FKIndexAssociation" directorySegmentName="seg_0" id="10AB1372-297A-E803-9D46-8FFB72FA7BFD" containerWithKeyObject="F739D0A8-948C-FA11-A763-9E08BF1C7309" localFKIndex="002A2C21-9ED3-2772-832E-DA006F7CFF01" name="ESTADO_PAIS_FK">
<createdBy>logonrmlocal</createdBy>
<createdTime>2023-11-22 00:22:35 UTC</createdTime>
<generatorID>C5DFDACC-297E-B730-16C2-31DF5FB1670C</generatorID>
<ownerDesignName>database</ownerDesignName>
<referredTableLongName>PAIS</referredTableLongName>
<deleteRule>NO ACTION</deleteRule>
<referredTableID>8CCBCD54-60BB-83D4-63CC-3223FC265605</referredTableID>
<keyObject>27E84D57-9CDA-C680-E52E-C8ADE1D1BEC7</keyObject>
<referredKeyID>27E84D57-9CDA-C680-E52E-C8ADE1D1BEC7</referredKeyID>
<mandatory>true</mandatory>
<refColNames>COD_PAIS</refColNames>
<transferable>true</transferable>
<rely>false</rely>
<columnDependencyConstraintGenerateInDDL>true</columnDependencyConstraintGenerateInDDL>
</FKIndexAssociation>
