<?xml version = '1.0' encoding = 'UTF-8'?>
<FKIndexAssociation class="oracle.dbtools.crest.model.design.relational.FKIndexAssociation" directorySegmentName="seg_0" id="1F5E637C-7EEE-803B-B395-E29A5A0D93E8" containerWithKeyObject="AFA1BE45-E345-52DA-AEB7-B8C71108AF60" localFKIndex="8011B2C5-7160-893E-845D-0DD42C3F72A1" name="BAIRRO_ENDERECO_FK">
<createdBy>logonrmlocal</createdBy>
<createdTime>2023-11-22 00:22:35 UTC</createdTime>
<generatorID>D6AC6C88-03C4-02C9-543F-484520DD4D84</generatorID>
<ownerDesignName>database</ownerDesignName>
<referredTableLongName>ENDERECO</referredTableLongName>
<deleteRule>NO ACTION</deleteRule>
<referredTableID>166F969F-6194-03E4-4997-764EF7109797</referredTableID>
<keyObject>6B8704DD-4813-8B7D-34A5-7E6FA5FE79E1</keyObject>
<referredKeyID>6B8704DD-4813-8B7D-34A5-7E6FA5FE79E1</referredKeyID>
<mandatory>true</mandatory>
<refColNames>COD_ENDERECO</refColNames>
<transferable>true</transferable>
<rely>false</rely>
<columnDependencyConstraintGenerateInDDL>true</columnDependencyConstraintGenerateInDDL>
</FKIndexAssociation>
