<?xml version = '1.0' encoding = 'UTF-8'?>
<FKIndexAssociation class="oracle.dbtools.crest.model.design.relational.FKIndexAssociation" directorySegmentName="seg_0" id="8E894BC1-126C-F555-A16B-5018D5EAE1AA" containerWithKeyObject="5577AA24-3FEB-AFC5-7F21-ECF4FBEA5FAF" localFKIndex="3BBA128F-1752-39B9-5B24-89E371E37705" name="RECOMENDACAO_DIAGNOSTICO_FK">
<createdBy>logonrmlocal</createdBy>
<createdTime>2023-11-22 00:22:35 UTC</createdTime>
<generatorID>E78FF7FA-0D5F-A805-B8DE-2FB4242956C9</generatorID>
<ownerDesignName>database</ownerDesignName>
<referredTableLongName>DIAGNOSTICO</referredTableLongName>
<deleteRule>NO ACTION</deleteRule>
<referredTableID>F5867130-D31D-53B1-3CDE-15E471DD3744</referredTableID>
<keyObject>179C3650-4D10-1666-10FD-70A05891A281</keyObject>
<referredKeyID>179C3650-4D10-1666-10FD-70A05891A281</referredKeyID>
<mandatory>true</mandatory>
<refColNames>COD_DIAGNOSTICO</refColNames>
<transferable>true</transferable>
<rely>false</rely>
<columnDependencyConstraintGenerateInDDL>true</columnDependencyConstraintGenerateInDDL>
</FKIndexAssociation>
