<?xml version = '1.0' encoding = 'UTF-8'?>
<FKIndexAssociation class="oracle.dbtools.crest.model.design.relational.FKIndexAssociation" directorySegmentName="seg_0" id="93208213-EA41-CD88-785A-331C531A062E" containerWithKeyObject="D846FA91-A270-C309-6280-BE3403FFF62B" localFKIndex="A4905301-0126-F03C-9941-B8B7620E9C1E" name="QUESTIONARIO_PESSOA_FK">
<createdBy>logonrmlocal</createdBy>
<createdTime>2023-11-22 00:22:35 UTC</createdTime>
<generatorID>BC4E34D7-8974-D929-615A-7E4EE77E1B09</generatorID>
<ownerDesignName>database</ownerDesignName>
<referredTableLongName>PESSOA</referredTableLongName>
<deleteRule>NO ACTION</deleteRule>
<referredTableID>16954502-3922-582B-C4CE-EBEF097964C7</referredTableID>
<keyObject>B13CA7F1-6B4F-27FF-2DC5-5AB13B42FBD1</keyObject>
<referredKeyID>B13CA7F1-6B4F-27FF-2DC5-5AB13B42FBD1</referredKeyID>
<mandatory>true</mandatory>
<refColNames>COD_PESSOA</refColNames>
<transferable>true</transferable>
<rely>false</rely>
<columnDependencyConstraintGenerateInDDL>true</columnDependencyConstraintGenerateInDDL>
</FKIndexAssociation>
