<?xml version = '1.0' encoding = 'UTF-8'?>
<FKIndexAssociation class="oracle.dbtools.crest.model.design.relational.FKIndexAssociation" directorySegmentName="seg_0" id="DCEAC1FD-7229-84F9-E016-B158FE64B265" containerWithKeyObject="3ECD07FC-DB33-FBD2-7880-36358CF923EC" localFKIndex="ACB81657-1529-5E5C-F838-03FDD46545AF" name="CIDADE_ESTADO_FK">
<createdBy>logonrmlocal</createdBy>
<createdTime>2023-11-22 00:22:35 UTC</createdTime>
<generatorID>A21E5E0A-FDAD-2FBE-C2D8-CDF2B5D8195F</generatorID>
<ownerDesignName>database</ownerDesignName>
<referredTableLongName>ESTADO</referredTableLongName>
<deleteRule>NO ACTION</deleteRule>
<referredTableID>F739D0A8-948C-FA11-A763-9E08BF1C7309</referredTableID>
<keyObject>2A20275F-F517-967B-D505-852025107F28</keyObject>
<referredKeyID>2A20275F-F517-967B-D505-852025107F28</referredKeyID>
<mandatory>true</mandatory>
<refColNames>COD_ESTADO</refColNames>
<transferable>true</transferable>
<rely>false</rely>
<columnDependencyConstraintGenerateInDDL>true</columnDependencyConstraintGenerateInDDL>
</FKIndexAssociation>
