<?xml version = '1.0' encoding = 'UTF-8'?>
<FKIndexAssociation class="oracle.dbtools.crest.model.design.relational.FKIndexAssociation" directorySegmentName="seg_0" id="375002DF-0034-80CE-D758-D3F1E5598400" containerWithKeyObject="929B9FBB-2F14-824E-24E5-666C823CD1DE" localFKIndex="295050BA-D307-9718-D60F-6512C345010A" name="TRIAGEM_PACIENTE_FK">
<createdBy>matpi</createdBy>
<createdTime>2023-11-30 23:15:53 UTC</createdTime>
<generatorID>20838D4A-E478-70D7-6A04-A52CEAB23726</generatorID>
<ownerDesignName>database</ownerDesignName>
<referredTableLongName>PACIENTE</referredTableLongName>
<deleteRule>NO ACTION</deleteRule>
<referredTableID>A75D7A42-D81B-1B3D-8171-51A2A84DC721</referredTableID>
<keyObject>FD85EF66-6EF2-7ABB-E596-600B412AA2D4</keyObject>
<referredKeyID>FD85EF66-6EF2-7ABB-E596-600B412AA2D4</referredKeyID>
<mandatory>true</mandatory>
<refColNames>COD_PACIENTE</refColNames>
<transferable>true</transferable>
<rely>false</rely>
<columnDependencyConstraintGenerateInDDL>true</columnDependencyConstraintGenerateInDDL>
</FKIndexAssociation>
