<?xml version = '1.0' encoding = 'UTF-8'?>
<FKIndexAssociation class="oracle.dbtools.crest.model.design.relational.FKIndexAssociation" directorySegmentName="seg_0" id="3B6F0BBB-5999-BB06-C71E-BA33A94EC4AB" containerWithKeyObject="D763C17B-73F1-5635-E2FB-6E523CAB9EDA" localFKIndex="9E3A42B3-4864-08B0-882F-785FA8DF19C4" name="AVALIACAO_MEDICO_FK">
<createdBy>matpi</createdBy>
<createdTime>2023-11-30 23:15:53 UTC</createdTime>
<generatorID>6F2FFBD7-B73C-4F4E-6F99-79FE663F6CB9</generatorID>
<ownerDesignName>database</ownerDesignName>
<referredTableLongName>MEDICO</referredTableLongName>
<deleteRule>NO ACTION</deleteRule>
<referredTableID>0E67414A-21FA-BA29-8BD2-F682B189F050</referredTableID>
<keyObject>F43B2254-287F-EC85-DF12-FA79F2B52FA4</keyObject>
<referredKeyID>F43B2254-287F-EC85-DF12-FA79F2B52FA4</referredKeyID>
<mandatory>true</mandatory>
<refColNames>COD_MEDICO</refColNames>
<transferable>true</transferable>
<rely>false</rely>
<columnDependencyConstraintGenerateInDDL>true</columnDependencyConstraintGenerateInDDL>
</FKIndexAssociation>
