<?xml version = '1.0' encoding = 'UTF-8'?>
<FKIndexAssociation class="oracle.dbtools.crest.model.design.relational.FKIndexAssociation" directorySegmentName="seg_0" id="7609DF27-D83F-5995-DDE3-5409938BA06F" containerWithKeyObject="49A3CBCF-A95B-E6F6-16A7-2CC63F2162FD" localFKIndex="80DB2F66-B7CF-6254-2424-A42AF2C3ABFF" name="CIDADE_ESTADO_FK">
<createdBy>matpi</createdBy>
<createdTime>2023-11-30 23:15:53 UTC</createdTime>
<generatorID>A21E5E0A-FDAD-2FBE-C2D8-CDF2B5D8195F</generatorID>
<ownerDesignName>database</ownerDesignName>
<referredTableLongName>ESTADO</referredTableLongName>
<deleteRule>NO ACTION</deleteRule>
<referredTableID>485A25FE-5294-AD6C-41A8-073ED6858705</referredTableID>
<keyObject>3407F67C-F3C1-3F92-8DBD-9D676BB178C0</keyObject>
<referredKeyID>3407F67C-F3C1-3F92-8DBD-9D676BB178C0</referredKeyID>
<mandatory>true</mandatory>
<refColNames>COD_ESTADO</refColNames>
<transferable>true</transferable>
<rely>false</rely>
<columnDependencyConstraintGenerateInDDL>true</columnDependencyConstraintGenerateInDDL>
</FKIndexAssociation>
