<?xml version = '1.0' encoding = 'UTF-8'?>
<FKIndexAssociation class="oracle.dbtools.crest.model.design.relational.FKIndexAssociation" directorySegmentName="seg_0" id="87F59C09-C528-CB95-D1C9-A5E91B25EA17" containerWithKeyObject="CB446BBA-047D-8035-AA0B-E9B5C78C60EE" localFKIndex="31A0EA10-A451-2FCC-C3D2-941EBE18D139" name="TELEFONE_PESSOA_FK">
<createdBy>matpi</createdBy>
<createdTime>2023-11-30 23:15:53 UTC</createdTime>
<generatorID>C1C407F1-75AD-F6D5-857E-04EF60B0B5E8</generatorID>
<ownerDesignName>database</ownerDesignName>
<referredTableLongName>PESSOA</referredTableLongName>
<deleteRule>NO ACTION</deleteRule>
<referredTableID>868E9ED3-BD9D-AF09-86EB-C327B6786E40</referredTableID>
<keyObject>CCA39391-837E-18B7-54CD-551E89EE923A</keyObject>
<referredKeyID>CCA39391-837E-18B7-54CD-551E89EE923A</referredKeyID>
<mandatory>true</mandatory>
<refColNames>COD_PESSOA</refColNames>
<transferable>true</transferable>
<rely>false</rely>
<columnDependencyConstraintGenerateInDDL>true</columnDependencyConstraintGenerateInDDL>
</FKIndexAssociation>
