<?xml version = '1.0' encoding = 'UTF-8'?>
<FKIndexAssociation class="oracle.dbtools.crest.model.design.relational.FKIndexAssociation" directorySegmentName="seg_0" id="90B7D84B-37BE-3EB2-969B-6804274C6107" containerWithKeyObject="A75D7A42-D81B-1B3D-8171-51A2A84DC721" localFKIndex="642CF195-1109-BDDB-E0BE-1D811C71E031" name="PACIENTE_PESSOA_FISICA_FK">
<createdBy>matpi</createdBy>
<createdTime>2023-11-30 23:15:53 UTC</createdTime>
<generatorID>DD858B7E-A577-5B0E-CFD2-E71B90A3F622</generatorID>
<ownerDesignName>database</ownerDesignName>
<referredTableLongName>PESSOA_FISICA</referredTableLongName>
<deleteRule>NO ACTION</deleteRule>
<referredTableID>CEE18D1C-09B9-6D54-1F5C-713A7AE70140</referredTableID>
<keyObject>D8EDF75B-3691-0E40-FA5B-FEC588F2B17D</keyObject>
<referredKeyID>D8EDF75B-3691-0E40-FA5B-FEC588F2B17D</referredKeyID>
<mandatory>true</mandatory>
<refColNames>CPF</refColNames>
<transferable>true</transferable>
<rely>false</rely>
<columnDependencyConstraintGenerateInDDL>true</columnDependencyConstraintGenerateInDDL>
</FKIndexAssociation>
