<?xml version = '1.0' encoding = 'UTF-8'?>
<Relation class="oracle.dbtools.crest.model.design.logical.Relation" name="Relation_19" directorySegmentName="seg_0" id="19F4117D-3FDE-A6D6-AEBD-2A3D466666E4">
<createdBy>Meu Computador</createdBy>
<createdTime>2023-11-24 16:22:22 UTC</createdTime>
<ownerDesignName>database</ownerDesignName>
<engineerTo>
<item key="4098D166-45B0-A2C4-A71B-9065D0D24601" value="true"/>
</engineerTo>
<sourcePk>6950020C-86EF-2CD1-94EB-272D06723BE3</sourcePk>
<identifying>false</identifying>
<optionalSource>true</optionalSource>
<optionalTarget>false</optionalTarget>
<sourceCardinality>1</sourceCardinality>
<sourceEntity>42F428E3-FF00-5FFC-894F-F8A30897BCFE</sourceEntity>
<targetCardinalityString>*</targetCardinalityString>
<targetEntity>06FECAB1-A925-3C88-628E-127A193D3BD8</targetEntity>
<transferable>true</transferable>
<deleteRule>NO ACTION</deleteRule>
</Relation>
