<?xml version = '1.0' encoding = 'UTF-8'?>
<Relation class="oracle.dbtools.crest.model.design.logical.Relation" name="Relation_13" directorySegmentName="seg_0" id="5BA52756-B0C1-4B17-8EBB-9B0FBC39F354">
<createdBy>Meu Computador</createdBy>
<createdTime>2023-11-24 16:21:30 UTC</createdTime>
<ownerDesignName>database</ownerDesignName>
<engineerTo>
<item key="4098D166-45B0-A2C4-A71B-9065D0D24601" value="true"/>
</engineerTo>
<sourcePk>40C7837A-7F97-E926-0041-03F2E09CF9CD</sourcePk>
<identifying>false</identifying>
<optionalSource>true</optionalSource>
<optionalTarget>false</optionalTarget>
<sourceCardinality>1</sourceCardinality>
<sourceEntity>1F73F9C5-2855-FA69-7F0A-00E267BEDA99</sourceEntity>
<targetCardinalityString>1</targetCardinalityString>
<targetEntity>D52931D0-F0A1-682E-9615-6F14A9150F44</targetEntity>
<transferable>true</transferable>
<deleteRule>NO ACTION</deleteRule>
</Relation>
