<?xml version = '1.0' encoding = 'UTF-8'?>
<Relation class="oracle.dbtools.crest.model.design.logical.Relation" name="Relation_38" directorySegmentName="seg_0" id="7EAA318D-A632-2173-273D-189AC691E13E">
<createdBy>matpi</createdBy>
<createdTime>2023-11-29 06:07:46 UTC</createdTime>
<ownerDesignName>database</ownerDesignName>
<engineerTo>
<item key="4098D166-45B0-A2C4-A71B-9065D0D24601" value="true"/>
</engineerTo>
<sourcePk>B756AA7F-2CD8-F784-FEE8-D190BF2790FE</sourcePk>
<identifying>false</identifying>
<optionalSource>true</optionalSource>
<optionalTarget>false</optionalTarget>
<sourceCardinality>1</sourceCardinality>
<sourceEntity>9AB1AA3B-7CB8-AA2F-D90A-0BA9D157F1C2</sourceEntity>
<targetCardinalityString>1</targetCardinalityString>
<targetEntity>1F73F9C5-2855-FA69-7F0A-00E267BEDA99</targetEntity>
<transferable>true</transferable>
<deleteRule>NO ACTION</deleteRule>
</Relation>
