<?xml version = '1.0' encoding = 'UTF-8'?>
<Relation class="oracle.dbtools.crest.model.design.logical.Relation" name="Relation_2" directorySegmentName="seg_0" id="A21E5E0A-FDAD-2FBE-C2D8-CDF2B5D8195F">
<createdBy>logonrmlocal</createdBy>
<createdTime>2023-11-09 22:56:15 UTC</createdTime>
<ownerDesignName>database</ownerDesignName>
<engineerTo>
<item key="6CCCE8C1-0CA0-FA7D-943B-117901E6B707" value="true"/>
</engineerTo>
<sourcePk>29F810FB-56F1-9A17-8DCE-D35BDFA40068</sourcePk>
<identifying>false</identifying>
<optionalSource>true</optionalSource>
<optionalTarget>false</optionalTarget>
<sourceCardinality>1</sourceCardinality>
<sourceEntity>A702071B-07D3-42FD-09C8-F3F559AB7881</sourceEntity>
<targetCardinalityString>*</targetCardinalityString>
<targetEntity>82F252B5-D380-E436-AD4C-40D9550FCB47</targetEntity>
<transferable>true</transferable>
<deleteRule>NO ACTION</deleteRule>
</Relation>