<?xml version = '1.0' encoding = 'UTF-8'?>
<Relation class="oracle.dbtools.crest.model.design.logical.Relation" name="Relation_25" directorySegmentName="seg_0" id="C1C407F1-75AD-F6D5-857E-04EF60B0B5E8">
<createdBy>logonrmlocal</createdBy>
<createdTime>2023-11-21 23:18:13 UTC</createdTime>
<ownerDesignName>database</ownerDesignName>
<engineerTo>
<item key="6CCCE8C1-0CA0-FA7D-943B-117901E6B707" value="true"/>
</engineerTo>
<sourcePk>5C60AB6E-B6B1-02C6-0031-1F18EF15B43A</sourcePk>
<identifying>false</identifying>
<optionalSource>true</optionalSource>
<optionalTarget>false</optionalTarget>
<sourceCardinality>1</sourceCardinality>
<sourceEntity>D52931D0-F0A1-682E-9615-6F14A9150F44</sourceEntity>
<targetCardinalityString>*</targetCardinalityString>
<targetEntity>04E96B87-DA09-0732-2E85-0358C8066FFB</targetEntity>
<transferable>true</transferable>
<deleteRule>NO ACTION</deleteRule>
</Relation>