<?xml version = '1.0' encoding = 'UTF-8'?>
<Relation class="oracle.dbtools.crest.model.design.logical.Relation" name="Relation_1" directorySegmentName="seg_0" id="C5DFDACC-297E-B730-16C2-31DF5FB1670C">
<createdBy>logonrmlocal</createdBy>
<createdTime>2023-11-09 22:51:49 UTC</createdTime>
<ownerDesignName>database</ownerDesignName>
<engineerTo>
<item key="6CCCE8C1-0CA0-FA7D-943B-117901E6B707" value="true"/>
</engineerTo>
<sourcePk>44EB9B76-1D5D-136C-21D4-F3DA44D052DF</sourcePk>
<identifying>false</identifying>
<optionalSource>true</optionalSource>
<optionalTarget>false</optionalTarget>
<sourceCardinality>1</sourceCardinality>
<sourceEntity>88ECB9F3-C74A-EB0E-2EB9-689B421BB846</sourceEntity>
<targetCardinalityString>*</targetCardinalityString>
<targetEntity>A702071B-07D3-42FD-09C8-F3F559AB7881</targetEntity>
<transferable>true</transferable>
<deleteRule>NO ACTION</deleteRule>
</Relation>