<?xml version = '1.0' encoding = 'UTF-8'?>
<Relation class="oracle.dbtools.crest.model.design.logical.Relation" name="Relation_31" directorySegmentName="seg_0" id="CE686D74-C49C-FAF6-6E29-A0FA725AD98F">
<createdBy>Meu Computador</createdBy>
<createdTime>2023-11-24 16:24:03 UTC</createdTime>
<ownerDesignName>database</ownerDesignName>
<engineerTo>
<item key="4098D166-45B0-A2C4-A71B-9065D0D24601" value="true"/>
</engineerTo>
<sourcePk>99160958-7F38-6D16-3A5B-FFF4BE865D79</sourcePk>
<identifying>false</identifying>
<optionalSource>true</optionalSource>
<optionalTarget>false</optionalTarget>
<sourceCardinality>1</sourceCardinality>
<sourceEntity>50C6FE04-57CE-DD1F-EAE4-2365BD5F5D4E</sourceEntity>
<targetCardinalityString>1</targetCardinalityString>
<targetEntity>D1413585-F327-9623-4067-6821801E4268</targetEntity>
<transferable>true</transferable>
<deleteRule>NO ACTION</deleteRule>
</Relation>
