<?xml version = '1.0' encoding = 'UTF-8'?>
<Relation class="oracle.dbtools.crest.model.design.logical.Relation" name="Relation_17" directorySegmentName="seg_0" id="DD858B7E-A577-5B0E-CFD2-E71B90A3F622">
<createdBy>Meu Computador</createdBy>
<createdTime>2023-11-24 16:21:56 UTC</createdTime>
<ownerDesignName>database</ownerDesignName>
<engineerTo>
<item key="4098D166-45B0-A2C4-A71B-9065D0D24601" value="true"/>
</engineerTo>
<sourcePk>40C7837A-7F97-E926-0041-03F2E09CF9CD</sourcePk>
<identifying>false</identifying>
<optionalSource>true</optionalSource>
<optionalTarget>false</optionalTarget>
<sourceCardinality>1</sourceCardinality>
<sourceEntity>1F73F9C5-2855-FA69-7F0A-00E267BEDA99</sourceEntity>
<targetCardinalityString>1</targetCardinalityString>
<targetEntity>00A86A7D-827D-2692-47F7-227DEBF15C60</targetEntity>
<transferable>true</transferable>
<deleteRule>NO ACTION</deleteRule>
</Relation>
