<?xml version = '1.0' encoding = 'UTF-8'?>
<Relation class="oracle.dbtools.crest.model.design.logical.Relation" name="Relation_23" directorySegmentName="seg_0" id="DF805A2C-F770-6776-A97F-75B6EB7BF25F">
<createdBy>logonrmlocal</createdBy>
<createdTime>2023-11-21 23:12:52 UTC</createdTime>
<ownerDesignName>database</ownerDesignName>
<engineerTo>
<item key="6CCCE8C1-0CA0-FA7D-943B-117901E6B707" value="true"/>
</engineerTo>
<sourcePk>5C60AB6E-B6B1-02C6-0031-1F18EF15B43A</sourcePk>
<identifying>false</identifying>
<optionalSource>true</optionalSource>
<optionalTarget>false</optionalTarget>
<sourceCardinality>1</sourceCardinality>
<sourceEntity>D52931D0-F0A1-682E-9615-6F14A9150F44</sourceEntity>
<targetCardinalityString>*</targetCardinalityString>
<targetEntity>A4B37ED9-6ECC-52C7-07AE-C5FC6177E350</targetEntity>
<transferable>true</transferable>
<deleteRule>NO ACTION</deleteRule>
</Relation>