<?xml version = '1.0' encoding = 'UTF-8'?>
<Relation class="oracle.dbtools.crest.model.design.logical.Relation" name="Relation_28" directorySegmentName="seg_0" id="E78FF7FA-0D5F-A805-B8DE-2FB4242956C9">
<createdBy>logonrmlocal</createdBy>
<createdTime>2023-11-21 23:42:20 UTC</createdTime>
<ownerDesignName>database</ownerDesignName>
<engineerTo>
<item key="6CCCE8C1-0CA0-FA7D-943B-117901E6B707" value="true"/>
</engineerTo>
<sourcePk>F3CAF66B-7571-4F11-CB82-4A6052376928</sourcePk>
<identifying>false</identifying>
<optionalSource>true</optionalSource>
<optionalTarget>false</optionalTarget>
<sourceCardinality>1</sourceCardinality>
<sourceEntity>D1413585-F327-9623-4067-6821801E4268</sourceEntity>
<targetCardinalityString>*</targetCardinalityString>
<targetEntity>C4B93E6D-60C7-C8B9-4D2A-3CD502A78EB5</targetEntity>
<transferable>true</transferable>
<deleteRule>NO ACTION</deleteRule>
</Relation>