<?xml version = '1.0' encoding = 'UTF-8'?>
<relationalModel class="oracle.dbtools.crest.model.design.relational.RelationalDesign" name="Relational_1" id="232E98DA-23A9-B40D-C8B7-7ADBC2DDF96B" mainViewID="5F438800-1DF3-65F0-2219-606C0CDA91B1">
<createdBy>logonrmlocal</createdBy>
<createdTime>2023-11-30 23:21:28 UTC</createdTime>
<ownerDesignName>database</ownerDesignName>
<shouldBeOpen>false</shouldBeOpen>
<selectedRDBMSSite>32076570-2523-435C-2E92-BF29817DFF70</selectedRDBMSSite>
</relationalModel>
