<?xml version = '1.0' encoding = 'UTF-8'?>
<Table class="oracle.dbtools.crest.model.design.relational.Table" directorySegmentName="seg_0" id="2099B2B7-BD8E-A571-E6D2-E8AA3A1C6D5A" name="ESTADO">
<createdBy>logonrmlocal</createdBy>
<createdTime>2023-11-30 23:21:38 UTC</createdTime>
<generatorID>A702071B-07D3-42FD-09C8-F3F559AB7881</generatorID>
<ownerDesignName>database</ownerDesignName>
<allowColumnReorder>false</allowColumnReorder>
<existDependencyGenerateInDDl>true</existDependencyGenerateInDDl>
<parsed>true</parsed>
<columns itemClass="oracle.dbtools.crest.model.design.relational.Column">
<Column name="COD_ESTADO" id="62721A7B-2D7A-0705-0F85-87182DCF3538">
<createdBy>logonrmlocal</createdBy>
<createdTime>2023-11-30 23:21:38 UTC</createdTime>
<generatorID>1EB0711B-2A92-015D-E2EC-3998E0F296EB</generatorID>
<ownerDesignName>database</ownerDesignName>
<useDomainConstraints>false</useDomainConstraints>
<use>1</use>
<logicalDatatype>LOGDT019</logicalDatatype>
<ownDataTypeParameters>,,</ownDataTypeParameters>
<autoIncrementCycle>false</autoIncrementCycle>
</Column>
<Column name="NOME" id="8C7B4F38-43CD-FF7E-19A3-542AE609C528">
<createdBy>logonrmlocal</createdBy>
<createdTime>2023-11-30 23:21:38 UTC</createdTime>
<generatorID>82BE61C8-6C11-D991-F9E7-CFAD11E0A300</generatorID>
<ownerDesignName>database</ownerDesignName>
<nullsAllowed>true</nullsAllowed>
<useDomainConstraints>false</useDomainConstraints>
<use>1</use>
<logicalDatatype>LOGDT025</logicalDatatype>
<dataTypeSize>2</dataTypeSize>
<ownDataTypeParameters>2,,</ownDataTypeParameters>
<autoIncrementCycle>false</autoIncrementCycle>
</Column>
<Column name="PAIS_COD_PAIS" id="0FA0CE53-5C8D-62A3-479B-DD9B40978B99">
<createdBy>logonrmlocal</createdBy>
<createdTime>2023-11-30 23:21:38 UTC</createdTime>
<generatorID>EC22FD3F-94B7-04EC-BC7C-4202B32F11CE</generatorID>
<ownerDesignName>database</ownerDesignName>
<useDomainConstraints>false</useDomainConstraints>
<use>1</use>
<logicalDatatype>LOGDT019</logicalDatatype>
<ownDataTypeParameters>,,</ownDataTypeParameters>
<previousColumn>false</previousColumn>
<autoIncrementCycle>false</autoIncrementCycle>
<associations>
<colAssociation fkAssociation="37983777-ED79-FE39-637D-C112D7404536" referredColumn="85C95BE2-2C49-AB17-3389-488F9161F1B1"/>
</associations>
</Column>
</columns>
<indexes itemClass="oracle.dbtools.crest.model.design.relational.Index">
<ind_PK_UK id="27425E33-1815-8445-2290-93CC9CC9F886" name="ESTADO_PK">
<createdBy>logonrmlocal</createdBy>
<createdTime>2023-11-30 23:21:38 UTC</createdTime>
<generatorID>29F810FB-56F1-9A17-8DCE-D35BDFA40068</generatorID>
<ownerDesignName>database</ownerDesignName>
<pk>true</pk>
<indexState>Primary Constraint</indexState>
<isSurrogateKey>false</isSurrogateKey>
<indexColumnUsage>
<colUsage columnID="62721A7B-2D7A-0705-0F85-87182DCF3538"/>
</indexColumnUsage>
</ind_PK_UK>
<ind_PK_UK id="887DB987-6C3F-5DCD-4038-7213FB10BF5E" name="ESTADO_PAIS_FK">
<createdBy>logonrmlocal</createdBy>
<createdTime>2023-11-30 23:21:38 UTC</createdTime>
<generatorID>C5DFDACC-297E-B730-16C2-31DF5FB1670C</generatorID>
<ownerDesignName>database</ownerDesignName>
<indexState>Foreign Key</indexState>
<isSurrogateKey>false</isSurrogateKey>
<indexColumnUsage>
<colUsage columnID="0FA0CE53-5C8D-62A3-479B-DD9B40978B99"/>
</indexColumnUsage>
</ind_PK_UK>
</indexes>
</Table>
