<?xml version = '1.0' encoding = 'UTF-8'?>
<Table class="oracle.dbtools.crest.model.design.relational.Table" directorySegmentName="seg_0" id="49E22EAB-1977-751F-C751-4EC6315CFD6A" name="ENDERECO">
<createdBy>logonrmlocal</createdBy>
<createdTime>2023-11-30 23:21:38 UTC</createdTime>
<generatorID>A4B37ED9-6ECC-52C7-07AE-C5FC6177E350</generatorID>
<ownerDesignName>database</ownerDesignName>
<allowColumnReorder>false</allowColumnReorder>
<existDependencyGenerateInDDl>true</existDependencyGenerateInDDl>
<parsed>true</parsed>
<columns itemClass="oracle.dbtools.crest.model.design.relational.Column">
<Column name="COD_ENDERECO" id="DF45330A-2AF6-C4C5-5463-DCCB847CF252">
<createdBy>logonrmlocal</createdBy>
<createdTime>2023-11-30 23:21:38 UTC</createdTime>
<generatorID>7D9DDABA-75EB-DC79-9CEE-26983EA6B72B</generatorID>
<ownerDesignName>database</ownerDesignName>
<useDomainConstraints>false</useDomainConstraints>
<use>1</use>
<logicalDatatype>LOGDT019</logicalDatatype>
<ownDataTypeParameters>,,</ownDataTypeParameters>
<autoIncrementCycle>false</autoIncrementCycle>
</Column>
<Column name="CEP" id="E1009E33-4017-A0E8-C07C-C19871EA82C0">
<createdBy>logonrmlocal</createdBy>
<createdTime>2023-11-30 23:21:38 UTC</createdTime>
<generatorID>433D870C-451B-2EAD-1146-64D424443F70</generatorID>
<ownerDesignName>database</ownerDesignName>
<nullsAllowed>true</nullsAllowed>
<useDomainConstraints>false</useDomainConstraints>
<use>1</use>
<logicalDatatype>LOGDT019</logicalDatatype>
<ownDataTypeParameters>,,</ownDataTypeParameters>
<autoIncrementCycle>false</autoIncrementCycle>
</Column>
<Column name="LOGRADOURO" id="B9F2EADE-1465-58A3-1D56-4561BE2A98C7">
<createdBy>logonrmlocal</createdBy>
<createdTime>2023-11-30 23:21:38 UTC</createdTime>
<generatorID>60BA7C3C-DEF4-0257-7B82-729A657EE7D5</generatorID>
<ownerDesignName>database</ownerDesignName>
<nullsAllowed>true</nullsAllowed>
<useDomainConstraints>false</useDomainConstraints>
<use>1</use>
<logicalDatatype>LOGDT024</logicalDatatype>
<dataTypeSize>30</dataTypeSize>
<ownDataTypeParameters>30,,</ownDataTypeParameters>
<autoIncrementCycle>false</autoIncrementCycle>
</Column>
<Column name="NUMERO" id="5AB62AE7-DFC1-794E-0C90-9DF06F4562C3">
<createdBy>logonrmlocal</createdBy>
<createdTime>2023-11-30 23:21:38 UTC</createdTime>
<generatorID>496C2FA8-D673-3CF6-3FD4-5569739FAEF4</generatorID>
<ownerDesignName>database</ownerDesignName>
<nullsAllowed>true</nullsAllowed>
<useDomainConstraints>false</useDomainConstraints>
<use>1</use>
<logicalDatatype>LOGDT019</logicalDatatype>
<ownDataTypeParameters>,,</ownDataTypeParameters>
<autoIncrementCycle>false</autoIncrementCycle>
</Column>
<Column name="COMPLEMENTO" id="AE1B983C-0E94-1048-622C-A7E3B2007004">
<createdBy>logonrmlocal</createdBy>
<createdTime>2023-11-30 23:21:38 UTC</createdTime>
<generatorID>A631930D-F388-1085-1163-2C98327315E5</generatorID>
<ownerDesignName>database</ownerDesignName>
<nullsAllowed>true</nullsAllowed>
<useDomainConstraints>false</useDomainConstraints>
<use>1</use>
<logicalDatatype>LOGDT024</logicalDatatype>
<dataTypeSize>30</dataTypeSize>
<ownDataTypeParameters>30,,</ownDataTypeParameters>
<autoIncrementCycle>false</autoIncrementCycle>
</Column>
<Column name="PESSOA_COD_PESSOA" id="D4614C7B-3CA8-6DE2-EE96-49C373EDE205">
<createdBy>logonrmlocal</createdBy>
<createdTime>2023-11-30 23:21:38 UTC</createdTime>
<generatorID>C6E0FA4C-4B6E-6CC5-61E7-2C30F67FC0FE</generatorID>
<ownerDesignName>database</ownerDesignName>
<useDomainConstraints>false</useDomainConstraints>
<use>1</use>
<logicalDatatype>LOGDT019</logicalDatatype>
<ownDataTypeParameters>,,</ownDataTypeParameters>
<previousColumn>false</previousColumn>
<autoIncrementCycle>false</autoIncrementCycle>
<associations>
<colAssociation fkAssociation="7B74787F-400F-558A-8ED5-4BE3D3C983DB" referredColumn="8EAE559B-797D-888D-5BB1-7CC00002D41B"/>
</associations>
</Column>
<Column name="BAIRRO_COD_BAIRRO" id="1AA09AA8-7F72-4057-18E2-ECC1AD7D39B8">
<createdBy>logonrmlocal</createdBy>
<createdTime>2023-11-30 23:21:38 UTC</createdTime>
<generatorID>629C61F5-3CC5-0FF0-0CB2-0E3666A5E715</generatorID>
<ownerDesignName>database</ownerDesignName>
<useDomainConstraints>false</useDomainConstraints>
<use>1</use>
<logicalDatatype>LOGDT019</logicalDatatype>
<ownDataTypeParameters>,,</ownDataTypeParameters>
<previousColumn>false</previousColumn>
<autoIncrementCycle>false</autoIncrementCycle>
<associations>
<colAssociation fkAssociation="E7A599F2-3A06-E59B-492F-48A05F34305E" referredColumn="AE202816-B941-4D3D-438D-18153B271DF2"/>
</associations>
</Column>
</columns>
<indexes itemClass="oracle.dbtools.crest.model.design.relational.Index">
<ind_PK_UK id="BB025313-2175-35AD-FA30-98675E73142D" name="ENDERECO_PK">
<createdBy>logonrmlocal</createdBy>
<createdTime>2023-11-30 23:21:38 UTC</createdTime>
<generatorID>A503DE7C-E413-8D0E-1E80-961FEE073076</generatorID>
<ownerDesignName>database</ownerDesignName>
<pk>true</pk>
<indexState>Primary Constraint</indexState>
<isSurrogateKey>false</isSurrogateKey>
<indexColumnUsage>
<colUsage columnID="DF45330A-2AF6-C4C5-5463-DCCB847CF252"/>
</indexColumnUsage>
</ind_PK_UK>
<ind_PK_UK id="37BCDD0B-F719-6EB1-457C-1BAEFEDFAC07" name="ENDERECO_PESSOA_FK">
<createdBy>logonrmlocal</createdBy>
<createdTime>2023-11-30 23:21:38 UTC</createdTime>
<generatorID>DF805A2C-F770-6776-A97F-75B6EB7BF25F</generatorID>
<ownerDesignName>database</ownerDesignName>
<indexState>Foreign Key</indexState>
<isSurrogateKey>false</isSurrogateKey>
<indexColumnUsage>
<colUsage columnID="D4614C7B-3CA8-6DE2-EE96-49C373EDE205"/>
</indexColumnUsage>
</ind_PK_UK>
<ind_PK_UK id="94B7AF93-6AE9-5278-15AC-6A9A63222E83" name="ENDERECO_BAIRRO_FK">
<createdBy>logonrmlocal</createdBy>
<createdTime>2023-11-30 23:21:38 UTC</createdTime>
<generatorID>E1428753-DD10-4912-BC1C-14F38A0E2A90</generatorID>
<ownerDesignName>database</ownerDesignName>
<indexState>Foreign Key</indexState>
<isSurrogateKey>false</isSurrogateKey>
<indexColumnUsage>
<colUsage columnID="1AA09AA8-7F72-4057-18E2-ECC1AD7D39B8"/>
</indexColumnUsage>
</ind_PK_UK>
</indexes>
</Table>
