<?xml version = '1.0' encoding = 'UTF-8'?>
<Table class="oracle.dbtools.crest.model.design.relational.Table" directorySegmentName="seg_0" id="61948C12-D71D-EA14-5C24-E3D60933A683" name="BAIRRO">
<createdBy>logonrmlocal</createdBy>
<createdTime>2023-11-30 23:21:38 UTC</createdTime>
<generatorID>43BBF320-6BE0-15E0-A548-A7D7D203A0B0</generatorID>
<ownerDesignName>database</ownerDesignName>
<allowColumnReorder>false</allowColumnReorder>
<existDependencyGenerateInDDl>true</existDependencyGenerateInDDl>
<parsed>true</parsed>
<columns itemClass="oracle.dbtools.crest.model.design.relational.Column">
<Column name="COD_BAIRRO" id="AE202816-B941-4D3D-438D-18153B271DF2">
<createdBy>logonrmlocal</createdBy>
<createdTime>2023-11-30 23:21:38 UTC</createdTime>
<generatorID>E2C949FA-1A9C-C086-3D7B-6161D2E38C9C</generatorID>
<ownerDesignName>database</ownerDesignName>
<useDomainConstraints>false</useDomainConstraints>
<use>1</use>
<logicalDatatype>LOGDT019</logicalDatatype>
<ownDataTypeParameters>,,</ownDataTypeParameters>
<autoIncrementCycle>false</autoIncrementCycle>
</Column>
<Column name="NOME" id="488D4075-E906-C757-0B21-93B6F69C4822">
<createdBy>logonrmlocal</createdBy>
<createdTime>2023-11-30 23:21:38 UTC</createdTime>
<generatorID>E56FF9DA-B0B7-4D68-1462-BD3F84B2B2F3</generatorID>
<ownerDesignName>database</ownerDesignName>
<nullsAllowed>true</nullsAllowed>
<useDomainConstraints>false</useDomainConstraints>
<use>1</use>
<logicalDatatype>LOGDT024</logicalDatatype>
<dataTypeSize>30</dataTypeSize>
<ownDataTypeParameters>30,,</ownDataTypeParameters>
<autoIncrementCycle>false</autoIncrementCycle>
</Column>
<Column name="CIDADE_COD_CIDADE" id="278F4B8B-23B4-A05E-B3DC-D2D30A07DFDA">
<createdBy>logonrmlocal</createdBy>
<createdTime>2023-11-30 23:21:38 UTC</createdTime>
<generatorID>C2CC8AE9-D5F0-0FD3-0905-A9D68990C04B</generatorID>
<ownerDesignName>database</ownerDesignName>
<useDomainConstraints>false</useDomainConstraints>
<use>1</use>
<logicalDatatype>LOGDT019</logicalDatatype>
<ownDataTypeParameters>,,</ownDataTypeParameters>
<previousColumn>false</previousColumn>
<autoIncrementCycle>false</autoIncrementCycle>
<associations>
<colAssociation fkAssociation="032A2561-A26B-8CA7-D3C4-9065A9E65961" referredColumn="A4F447EA-0AC4-C191-17D9-BB33C2B00A28"/>
</associations>
</Column>
</columns>
<indexes itemClass="oracle.dbtools.crest.model.design.relational.Index">
<ind_PK_UK id="5719B6C3-DDA4-343F-8580-7203300914F4" name="BAIRRO_PK">
<createdBy>logonrmlocal</createdBy>
<createdTime>2023-11-30 23:21:38 UTC</createdTime>
<generatorID>0DC30ABE-7324-EFA7-FDCC-5385D9A64B10</generatorID>
<ownerDesignName>database</ownerDesignName>
<pk>true</pk>
<indexState>Primary Constraint</indexState>
<isSurrogateKey>false</isSurrogateKey>
<indexColumnUsage>
<colUsage columnID="AE202816-B941-4D3D-438D-18153B271DF2"/>
</indexColumnUsage>
</ind_PK_UK>
<ind_PK_UK id="20953C16-7E53-47D2-2D94-DFFF96F96336" name="BAIRRO_CIDADE_FK">
<createdBy>logonrmlocal</createdBy>
<createdTime>2023-11-30 23:21:38 UTC</createdTime>
<generatorID>1DC06CDE-C814-9F3A-EAA9-FFFDD05E351F</generatorID>
<ownerDesignName>database</ownerDesignName>
<indexState>Foreign Key</indexState>
<isSurrogateKey>false</isSurrogateKey>
<indexColumnUsage>
<colUsage columnID="278F4B8B-23B4-A05E-B3DC-D2D30A07DFDA"/>
</indexColumnUsage>
</ind_PK_UK>
</indexes>
</Table>
