<?xml version = '1.0' encoding = 'UTF-8'?>
<Table class="oracle.dbtools.crest.model.design.relational.Table" directorySegmentName="seg_0" id="6D31B02A-2F90-C318-A22D-913967BF0DBA" name="CIDADE">
<createdBy>logonrmlocal</createdBy>
<createdTime>2023-11-30 23:21:38 UTC</createdTime>
<generatorID>82F252B5-D380-E436-AD4C-40D9550FCB47</generatorID>
<ownerDesignName>database</ownerDesignName>
<allowColumnReorder>false</allowColumnReorder>
<existDependencyGenerateInDDl>true</existDependencyGenerateInDDl>
<parsed>true</parsed>
<columns itemClass="oracle.dbtools.crest.model.design.relational.Column">
<Column name="COD_CIDADE" id="A4F447EA-0AC4-C191-17D9-BB33C2B00A28">
<createdBy>logonrmlocal</createdBy>
<createdTime>2023-11-30 23:21:38 UTC</createdTime>
<generatorID>BF568FE1-7B70-542B-278B-ED606E7386F4</generatorID>
<ownerDesignName>database</ownerDesignName>
<useDomainConstraints>false</useDomainConstraints>
<use>1</use>
<logicalDatatype>LOGDT019</logicalDatatype>
<ownDataTypeParameters>,,</ownDataTypeParameters>
<autoIncrementCycle>false</autoIncrementCycle>
</Column>
<Column name="NOME" id="F5F30E0A-89E6-2BDE-81F6-5B09E70C879F">
<createdBy>logonrmlocal</createdBy>
<createdTime>2023-11-30 23:21:38 UTC</createdTime>
<generatorID>3054B72F-E5FB-E4C4-0387-EEF02F6521DE</generatorID>
<ownerDesignName>database</ownerDesignName>
<nullsAllowed>true</nullsAllowed>
<useDomainConstraints>false</useDomainConstraints>
<use>1</use>
<logicalDatatype>LOGDT024</logicalDatatype>
<dataTypeSize>30</dataTypeSize>
<ownDataTypeParameters>30,,</ownDataTypeParameters>
<autoIncrementCycle>false</autoIncrementCycle>
</Column>
<Column name="ESTADO_COD_ESTADO" id="08F3412F-569E-48EE-0E77-BB0FE5FDDBA1">
<createdBy>logonrmlocal</createdBy>
<createdTime>2023-11-30 23:21:38 UTC</createdTime>
<generatorID>621C4729-459F-9592-958E-9CE6D24B6932</generatorID>
<ownerDesignName>database</ownerDesignName>
<useDomainConstraints>false</useDomainConstraints>
<use>1</use>
<logicalDatatype>LOGDT019</logicalDatatype>
<ownDataTypeParameters>,,</ownDataTypeParameters>
<previousColumn>false</previousColumn>
<autoIncrementCycle>false</autoIncrementCycle>
<associations>
<colAssociation fkAssociation="C85408BA-40DF-97F3-D2CB-3CE3D29FCBCD" referredColumn="62721A7B-2D7A-0705-0F85-87182DCF3538"/>
</associations>
</Column>
<Column name="COD_IBGE" id="600AFF34-78FD-5E7E-59F0-A84C19F93DC8">
<createdBy>logonrmlocal</createdBy>
<createdTime>2023-11-30 23:21:38 UTC</createdTime>
<generatorID>2EA00E10-A880-C445-306F-563F147D23B6</generatorID>
<ownerDesignName>database</ownerDesignName>
<nullsAllowed>true</nullsAllowed>
<useDomainConstraints>false</useDomainConstraints>
<use>1</use>
<logicalDatatype>LOGDT019</logicalDatatype>
<ownDataTypeParameters>,,</ownDataTypeParameters>
<autoIncrementCycle>false</autoIncrementCycle>
</Column>
</columns>
<indexes itemClass="oracle.dbtools.crest.model.design.relational.Index">
<ind_PK_UK id="25BC3C87-B06C-4374-884B-D3623B054FE9" name="CIDADE_PK">
<createdBy>logonrmlocal</createdBy>
<createdTime>2023-11-30 23:21:38 UTC</createdTime>
<generatorID>49BC0E5E-501F-81F8-B0A9-4A107F018C7F</generatorID>
<ownerDesignName>database</ownerDesignName>
<pk>true</pk>
<indexState>Primary Constraint</indexState>
<isSurrogateKey>false</isSurrogateKey>
<indexColumnUsage>
<colUsage columnID="A4F447EA-0AC4-C191-17D9-BB33C2B00A28"/>
</indexColumnUsage>
</ind_PK_UK>
<ind_PK_UK id="54593B76-308E-4229-45A5-B320F6DA66B8" name="CIDADE_ESTADO_FK">
<createdBy>logonrmlocal</createdBy>
<createdTime>2023-11-30 23:21:38 UTC</createdTime>
<generatorID>A21E5E0A-FDAD-2FBE-C2D8-CDF2B5D8195F</generatorID>
<ownerDesignName>database</ownerDesignName>
<indexState>Foreign Key</indexState>
<isSurrogateKey>false</isSurrogateKey>
<indexColumnUsage>
<colUsage columnID="08F3412F-569E-48EE-0E77-BB0FE5FDDBA1"/>
</indexColumnUsage>
</ind_PK_UK>
</indexes>
</Table>
