<?xml version = '1.0' encoding = 'UTF-8'?>
<Table class="oracle.dbtools.crest.model.design.relational.Table" directorySegmentName="seg_0" id="CA3569DF-253E-76A6-874F-F50A5DB3F044" name="TRIAGEM">
<createdBy>logonrmlocal</createdBy>
<createdTime>2023-11-30 23:21:38 UTC</createdTime>
<generatorID>50C6FE04-57CE-DD1F-EAE4-2365BD5F5D4E</generatorID>
<ownerDesignName>database</ownerDesignName>
<allowColumnReorder>false</allowColumnReorder>
<existDependencyGenerateInDDl>true</existDependencyGenerateInDDl>
<parsed>true</parsed>
<columns itemClass="oracle.dbtools.crest.model.design.relational.Column">
<Column name="COD_TRIAGEM" id="40E3E385-91DA-80BC-B236-92606238A3A4">
<createdBy>logonrmlocal</createdBy>
<createdTime>2023-11-30 23:21:38 UTC</createdTime>
<generatorID>4B444807-5BAA-D2C2-1CEB-2B84897F5C33</generatorID>
<ownerDesignName>database</ownerDesignName>
<useDomainConstraints>false</useDomainConstraints>
<use>1</use>
<logicalDatatype>LOGDT019</logicalDatatype>
<ownDataTypeParameters>,,</ownDataTypeParameters>
<autoIncrementCycle>false</autoIncrementCycle>
</Column>
<Column name="INICIO" id="64B26779-8F49-7661-BF84-3202BD027C89">
<createdBy>logonrmlocal</createdBy>
<createdTime>2023-11-30 23:21:38 UTC</createdTime>
<generatorID>35C4272C-4721-E283-C9BB-86A9F4563460</generatorID>
<ownerDesignName>database</ownerDesignName>
<nullsAllowed>true</nullsAllowed>
<useDomainConstraints>false</useDomainConstraints>
<use>1</use>
<logicalDatatype>LOGDT007</logicalDatatype>
<ownDataTypeParameters>,,</ownDataTypeParameters>
<autoIncrementCycle>false</autoIncrementCycle>
</Column>
<Column name="FIM" id="B0138573-0746-73FC-90C3-BE4C03F2DEFB">
<createdBy>logonrmlocal</createdBy>
<createdTime>2023-11-30 23:21:38 UTC</createdTime>
<generatorID>C87D1C55-A998-2972-293E-2CDFF284EA64</generatorID>
<ownerDesignName>database</ownerDesignName>
<nullsAllowed>true</nullsAllowed>
<useDomainConstraints>false</useDomainConstraints>
<use>1</use>
<logicalDatatype>LOGDT007</logicalDatatype>
<ownDataTypeParameters>,,</ownDataTypeParameters>
<autoIncrementCycle>false</autoIncrementCycle>
</Column>
<Column name="DURACAO" id="D8AB537E-595B-F7D3-72A2-3CA02E9213D2">
<createdBy>logonrmlocal</createdBy>
<createdTime>2023-11-30 23:21:38 UTC</createdTime>
<generatorID>FA056354-1B25-B9ED-E35A-9FDAC726962E</generatorID>
<ownerDesignName>database</ownerDesignName>
<nullsAllowed>true</nullsAllowed>
<useDomainConstraints>false</useDomainConstraints>
<use>1</use>
<logicalDatatype>LOGDT014</logicalDatatype>
<ownDataTypeParameters>,,</ownDataTypeParameters>
<autoIncrementCycle>false</autoIncrementCycle>
</Column>
<Column name="RESPOSTAS" id="2BEA64CF-B0B8-919D-8BC3-EFD09EB0F11B">
<createdBy>logonrmlocal</createdBy>
<createdTime>2023-11-30 23:21:38 UTC</createdTime>
<generatorID>07C8BB9D-A368-E4F8-E499-1774CA4AF39D</generatorID>
<ownerDesignName>database</ownerDesignName>
<nullsAllowed>true</nullsAllowed>
<useDomainConstraints>false</useDomainConstraints>
<use>1</use>
<logicalDatatype>LOGDT024</logicalDatatype>
<dataTypeSize>30</dataTypeSize>
<ownDataTypeParameters>30,,</ownDataTypeParameters>
<autoIncrementCycle>false</autoIncrementCycle>
</Column>
<Column name="PACIENTE_COD_PACIENTE" id="5ADD5B30-7D66-AEED-2FB2-E75153293434">
<createdBy>logonrmlocal</createdBy>
<createdTime>2023-11-30 23:21:38 UTC</createdTime>
<generatorID>51D3C839-B4BF-83ED-9BF8-A644F50188F0</generatorID>
<ownerDesignName>database</ownerDesignName>
<useDomainConstraints>false</useDomainConstraints>
<use>1</use>
<logicalDatatype>LOGDT019</logicalDatatype>
<ownDataTypeParameters>,,</ownDataTypeParameters>
<previousColumn>false</previousColumn>
<autoIncrementCycle>false</autoIncrementCycle>
<associations>
<colAssociation fkAssociation="2DC58AB7-3529-0C0A-3A6B-6559DEE09031" referredColumn="C8443C39-DE5C-A33F-5DCF-AB5C2FAE9DAF"/>
</associations>
</Column>
<Column name="QUESTIONARIO_COD_QUESTIONARIO" id="12336BB6-0493-35D9-64DF-B422F0DF8AE5">
<createdBy>logonrmlocal</createdBy>
<createdTime>2023-11-30 23:21:38 UTC</createdTime>
<generatorID>0D0D8AD8-1B8F-82EC-E632-3DD9E475F012</generatorID>
<ownerDesignName>database</ownerDesignName>
<useDomainConstraints>false</useDomainConstraints>
<use>1</use>
<logicalDatatype>LOGDT019</logicalDatatype>
<ownDataTypeParameters>,,</ownDataTypeParameters>
<previousColumn>false</previousColumn>
<autoIncrementCycle>false</autoIncrementCycle>
<associations>
<colAssociation fkAssociation="33C365B4-4D20-72B2-5C98-F251E8A7513B" referredColumn="B55D93B7-2173-76A0-9784-AD5CD12F20C8"/>
</associations>
</Column>
</columns>
<indexes itemClass="oracle.dbtools.crest.model.design.relational.Index">
<ind_PK_UK id="E3CDC6F3-1F5E-4A3E-A7A7-8870CFB356AA" name="TRIAGEM_PK">
<createdBy>logonrmlocal</createdBy>
<createdTime>2023-11-30 23:21:38 UTC</createdTime>
<generatorID>99160958-7F38-6D16-3A5B-FFF4BE865D79</generatorID>
<ownerDesignName>database</ownerDesignName>
<pk>true</pk>
<indexState>Primary Constraint</indexState>
<isSurrogateKey>false</isSurrogateKey>
<indexColumnUsage>
<colUsage columnID="40E3E385-91DA-80BC-B236-92606238A3A4"/>
</indexColumnUsage>
</ind_PK_UK>
<ind_PK_UK id="7C3242F4-00BF-DB84-A73A-721B67547313" name="TRIAGEM__IDX">
<createdBy>logonrmlocal</createdBy>
<createdTime>2023-11-30 23:21:38 UTC</createdTime>
<ownerDesignName>database</ownerDesignName>
<indexState>Unique Plain Index</indexState>
<isSurrogateKey>false</isSurrogateKey>
<relationGeneratorID>ED3C70A9-0C1A-66F8-5F19-C03FF2867BC4</relationGeneratorID>
<indexColumnUsage>
<colUsage columnID="12336BB6-0493-35D9-64DF-B422F0DF8AE5"/>
</indexColumnUsage>
</ind_PK_UK>
<ind_PK_UK id="76812EE2-327A-EBF0-94AD-102DBCE50219" name="TRIAGEM_PACIENTE_FK">
<createdBy>logonrmlocal</createdBy>
<createdTime>2023-11-30 23:21:38 UTC</createdTime>
<generatorID>20838D4A-E478-70D7-6A04-A52CEAB23726</generatorID>
<ownerDesignName>database</ownerDesignName>
<indexState>Foreign Key</indexState>
<isSurrogateKey>false</isSurrogateKey>
<indexColumnUsage>
<colUsage columnID="5ADD5B30-7D66-AEED-2FB2-E75153293434"/>
</indexColumnUsage>
</ind_PK_UK>
<ind_PK_UK id="82A99DA2-A1AB-868F-0CDD-22FEEDA6760B" name="TRIAGEM_QUESTIONARIO_FK">
<createdBy>logonrmlocal</createdBy>
<createdTime>2023-11-30 23:21:38 UTC</createdTime>
<generatorID>ED3C70A9-0C1A-66F8-5F19-C03FF2867BC4</generatorID>
<ownerDesignName>database</ownerDesignName>
<indexState>Foreign Key</indexState>
<isSurrogateKey>false</isSurrogateKey>
<indexColumnUsage>
<colUsage columnID="12336BB6-0493-35D9-64DF-B422F0DF8AE5"/>
</indexColumnUsage>
</ind_PK_UK>
</indexes>
</Table>
