<?xml version = '1.0' encoding = 'UTF-8'?>
<Table class="oracle.dbtools.crest.model.design.relational.Table" directorySegmentName="seg_0" id="E1C0709D-6254-8BAC-B5D8-E6E3B32921A0" name="QUESTIONARIO">
<createdBy>logonrmlocal</createdBy>
<createdTime>2023-11-30 23:21:38 UTC</createdTime>
<generatorID>AE4B44B4-ADC9-6032-1365-2D1DA3E5FB3B</generatorID>
<ownerDesignName>database</ownerDesignName>
<allowColumnReorder>false</allowColumnReorder>
<existDependencyGenerateInDDl>true</existDependencyGenerateInDDl>
<parsed>true</parsed>
<columns itemClass="oracle.dbtools.crest.model.design.relational.Column">
<Column name="COD_QUESTIONARIO" id="B55D93B7-2173-76A0-9784-AD5CD12F20C8">
<createdBy>logonrmlocal</createdBy>
<createdTime>2023-11-30 23:21:38 UTC</createdTime>
<generatorID>1A388BE6-F5DE-2075-7F09-05486796DCE1</generatorID>
<ownerDesignName>database</ownerDesignName>
<useDomainConstraints>false</useDomainConstraints>
<use>1</use>
<logicalDatatype>LOGDT019</logicalDatatype>
<ownDataTypeParameters>,,</ownDataTypeParameters>
<autoIncrementCycle>false</autoIncrementCycle>
</Column>
<Column name="TITULO" id="99D1C93C-4C4B-DAE1-C3D7-448A5FAC085C">
<createdBy>logonrmlocal</createdBy>
<createdTime>2023-11-30 23:21:38 UTC</createdTime>
<generatorID>34B79E68-F47C-5E1E-7632-8A96EA47BC0E</generatorID>
<ownerDesignName>database</ownerDesignName>
<nullsAllowed>true</nullsAllowed>
<useDomainConstraints>false</useDomainConstraints>
<use>1</use>
<logicalDatatype>LOGDT024</logicalDatatype>
<dataTypeSize>30</dataTypeSize>
<ownDataTypeParameters>30,,</ownDataTypeParameters>
<autoIncrementCycle>false</autoIncrementCycle>
</Column>
<Column name="DESCRICAO" id="8E57E52E-D8F9-5096-9C80-E70D7D6F9F92">
<createdBy>logonrmlocal</createdBy>
<createdTime>2023-11-30 23:21:38 UTC</createdTime>
<generatorID>B0A6003A-5E4F-0385-BAA0-E7E0BBCB3F4C</generatorID>
<ownerDesignName>database</ownerDesignName>
<nullsAllowed>true</nullsAllowed>
<useDomainConstraints>false</useDomainConstraints>
<use>1</use>
<logicalDatatype>LOGDT024</logicalDatatype>
<dataTypeSize>30</dataTypeSize>
<ownDataTypeParameters>30,,</ownDataTypeParameters>
<autoIncrementCycle>false</autoIncrementCycle>
</Column>
<Column name="PERGUNTAS" id="7DCF6241-5F99-D275-AD5A-38E08F97554F">
<createdBy>logonrmlocal</createdBy>
<createdTime>2023-11-30 23:21:38 UTC</createdTime>
<generatorID>BBA3FA85-6E88-B264-C21E-BF93B90BB55B</generatorID>
<ownerDesignName>database</ownerDesignName>
<nullsAllowed>true</nullsAllowed>
<useDomainConstraints>false</useDomainConstraints>
<use>1</use>
<logicalDatatype>LOGDT024</logicalDatatype>
<dataTypeSize>250</dataTypeSize>
<ownDataTypeParameters>250,,</ownDataTypeParameters>
<autoIncrementCycle>false</autoIncrementCycle>
</Column>
<Column name="CATEGORIA" id="F60351D6-1AC5-BD57-0EC8-346646BC15B2">
<createdBy>logonrmlocal</createdBy>
<createdTime>2023-11-30 23:21:38 UTC</createdTime>
<generatorID>B7CA4780-F751-F4A5-038D-600F7454C958</generatorID>
<ownerDesignName>database</ownerDesignName>
<nullsAllowed>true</nullsAllowed>
<useDomainConstraints>false</useDomainConstraints>
<use>1</use>
<logicalDatatype>LOGDT024</logicalDatatype>
<dataTypeSize>30</dataTypeSize>
<ownDataTypeParameters>30,,</ownDataTypeParameters>
<autoIncrementCycle>false</autoIncrementCycle>
</Column>
<Column name="NOME_CRIADOR" id="27C70BCE-813B-DE62-053C-0D54D2C901AB">
<createdBy>logonrmlocal</createdBy>
<createdTime>2023-11-30 23:21:38 UTC</createdTime>
<generatorID>8E7640CC-8C97-0186-ADAA-61EDFA249D8A</generatorID>
<ownerDesignName>database</ownerDesignName>
<nullsAllowed>true</nullsAllowed>
<useDomainConstraints>false</useDomainConstraints>
<use>1</use>
<logicalDatatype>LOGDT024</logicalDatatype>
<dataTypeSize>30</dataTypeSize>
<ownDataTypeParameters>30,,</ownDataTypeParameters>
<autoIncrementCycle>false</autoIncrementCycle>
</Column>
<Column name="DURACAO" id="7407E88A-5699-FBFF-499E-0CB922BE5C4A">
<createdBy>logonrmlocal</createdBy>
<createdTime>2023-11-30 23:21:38 UTC</createdTime>
<generatorID>20D60CD1-733D-F1A2-EEB0-4F0EE2DDAB06</generatorID>
<ownerDesignName>database</ownerDesignName>
<nullsAllowed>true</nullsAllowed>
<useDomainConstraints>false</useDomainConstraints>
<use>1</use>
<logicalDatatype>LOGDT007</logicalDatatype>
<ownDataTypeParameters>,,</ownDataTypeParameters>
<autoIncrementCycle>false</autoIncrementCycle>
</Column>
</columns>
<indexes itemClass="oracle.dbtools.crest.model.design.relational.Index">
<ind_PK_UK id="99731888-F4D9-0F96-409D-9E44E8E0DC70" name="QUESTIONARIO_PK">
<createdBy>logonrmlocal</createdBy>
<createdTime>2023-11-30 23:21:38 UTC</createdTime>
<generatorID>3E69F848-DEE7-3EE0-D84D-AF0FA3E76EDE</generatorID>
<ownerDesignName>database</ownerDesignName>
<pk>true</pk>
<indexState>Primary Constraint</indexState>
<isSurrogateKey>false</isSurrogateKey>
<indexColumnUsage>
<colUsage columnID="B55D93B7-2173-76A0-9784-AD5CD12F20C8"/>
</indexColumnUsage>
</ind_PK_UK>
</indexes>
</Table>
