<?xml version = '1.0' encoding = 'UTF-8'?>
<Table class="oracle.dbtools.crest.model.design.relational.Table" directorySegmentName="seg_0" id="FAF950EF-EC46-4D99-6980-711D6C9F2289" name="ESPECIALIDADE">
<createdBy>logonrmlocal</createdBy>
<createdTime>2023-11-30 23:21:38 UTC</createdTime>
<generatorID>06FECAB1-A925-3C88-628E-127A193D3BD8</generatorID>
<ownerDesignName>database</ownerDesignName>
<allowColumnReorder>false</allowColumnReorder>
<existDependencyGenerateInDDl>true</existDependencyGenerateInDDl>
<parsed>true</parsed>
<columns itemClass="oracle.dbtools.crest.model.design.relational.Column">
<Column name="COD_ESPECIALIDADE" id="AF12645A-3943-5663-A888-FCA38CE5E61E">
<createdBy>logonrmlocal</createdBy>
<createdTime>2023-11-30 23:21:38 UTC</createdTime>
<generatorID>EF673317-5009-6266-1C81-CC4F3B545220</generatorID>
<ownerDesignName>database</ownerDesignName>
<useDomainConstraints>false</useDomainConstraints>
<use>1</use>
<logicalDatatype>LOGDT019</logicalDatatype>
<ownDataTypeParameters>,,</ownDataTypeParameters>
<autoIncrementCycle>false</autoIncrementCycle>
</Column>
<Column name="ESPECIALIDADE" id="DEB6E1E7-A9B0-83EE-D097-16ADF89FF6F9">
<createdBy>logonrmlocal</createdBy>
<createdTime>2023-11-30 23:21:38 UTC</createdTime>
<generatorID>31E6C27A-25E1-F997-AEA0-F0967DD6A593</generatorID>
<ownerDesignName>database</ownerDesignName>
<nullsAllowed>true</nullsAllowed>
<useDomainConstraints>false</useDomainConstraints>
<use>1</use>
<logicalDatatype>LOGDT024</logicalDatatype>
<dataTypeSize>50</dataTypeSize>
<ownDataTypeParameters>50,,</ownDataTypeParameters>
<autoIncrementCycle>false</autoIncrementCycle>
</Column>
<Column name="MEDICO_COD_MEDICO" id="9D1E9DC4-D3FA-0D0B-77CE-BA56B6B87A8A">
<createdBy>logonrmlocal</createdBy>
<createdTime>2023-11-30 23:21:38 UTC</createdTime>
<generatorID>36861E1D-9E87-C064-16D7-85A892885479</generatorID>
<ownerDesignName>database</ownerDesignName>
<useDomainConstraints>false</useDomainConstraints>
<use>1</use>
<logicalDatatype>LOGDT019</logicalDatatype>
<ownDataTypeParameters>,,</ownDataTypeParameters>
<previousColumn>false</previousColumn>
<autoIncrementCycle>false</autoIncrementCycle>
<associations>
<colAssociation fkAssociation="35991129-566E-02E1-7058-1611A4BBE042" referredColumn="D1399C6B-2689-CB8F-562F-4DAB485B7673"/>
</associations>
</Column>
</columns>
<indexes itemClass="oracle.dbtools.crest.model.design.relational.Index">
<ind_PK_UK id="EF42C7DA-7B0A-6A58-C85F-C6DDB735DB24" name="ESPECIALIDADE_PK">
<createdBy>logonrmlocal</createdBy>
<createdTime>2023-11-30 23:21:38 UTC</createdTime>
<generatorID>7FD12AF8-DF38-5A78-3A32-908F8E84B2E9</generatorID>
<ownerDesignName>database</ownerDesignName>
<pk>true</pk>
<indexState>Primary Constraint</indexState>
<isSurrogateKey>false</isSurrogateKey>
<indexColumnUsage>
<colUsage columnID="AF12645A-3943-5663-A888-FCA38CE5E61E"/>
</indexColumnUsage>
</ind_PK_UK>
<ind_PK_UK id="603107C1-5707-75D8-49E3-5702098D668E" name="ESPECIALIDADE_MEDICO_FK">
<createdBy>logonrmlocal</createdBy>
<createdTime>2023-11-30 23:21:38 UTC</createdTime>
<generatorID>19F4117D-3FDE-A6D6-AEBD-2A3D466666E4</generatorID>
<ownerDesignName>database</ownerDesignName>
<indexState>Foreign Key</indexState>
<isSurrogateKey>false</isSurrogateKey>
<indexColumnUsage>
<colUsage columnID="9D1E9DC4-D3FA-0D0B-77CE-BA56B6B87A8A"/>
</indexColumnUsage>
</ind_PK_UK>
</indexes>
</Table>
