<?xml version = '1.0' encoding = 'UTF-8'?>
<Entity class="oracle.dbtools.crest.model.design.logical.Entity" directorySegmentName="seg_0" id="00A86A7D-827D-2692-47F7-227DEBF15C60" name="PACIENTE">
<createdBy>Meu Computador</createdBy>
<createdTime>2023-11-24 16:19:47 UTC</createdTime>
<ownerDesignName>database</ownerDesignName>
<engineerTo>
<item key="4098D166-45B0-A2C4-A71B-9065D0D24601" value="true"/>
</engineerTo>
<adequatelyNormalized>NO</adequatelyNormalized>
<expectedVolumes>0</expectedVolumes>
<fwdEngineeringStrategyName>Single Table</fwdEngineeringStrategyName>
<growthPercent>0</growthPercent>
<growthType>Year</growthType>
<maxVolumes>9999999</maxVolumes>
<minVolumes>0</minVolumes>
<normalForm>Third</normalForm>
<attributes itemClass="oracle.dbtools.crest.model.design.logical.Attribute">
<Attribute name="COD_PACIENTE" id="D5E5FA69-E21F-6AD3-B39D-AC76826F36BF">
<createdBy>Meu Computador</createdBy>
<createdTime>2023-11-24 16:27:58 UTC</createdTime>
<ownerDesignName>database</ownerDesignName>
<engineerTo>
<item key="4098D166-45B0-A2C4-A71B-9065D0D24601" value="true"/>
</engineerTo>
<useDomainConstraints>false</useDomainConstraints>
<use>1</use>
<logicalDatatype>LOGDT019</logicalDatatype>
<ownDataTypeParameters>,,</ownDataTypeParameters>
</Attribute>
<Attribute name="HISTORICO" id="0C58C3C4-4FBF-8DFA-E012-583B6148874B">
<createdBy>Meu Computador</createdBy>
<createdTime>2023-11-24 16:27:59 UTC</createdTime>
<ownerDesignName>database</ownerDesignName>
<engineerTo>
<item key="4098D166-45B0-A2C4-A71B-9065D0D24601" value="true"/>
</engineerTo>
<nullsAllowed>true</nullsAllowed>
<useDomainConstraints>false</useDomainConstraints>
<use>1</use>
<logicalDatatype>LOGDT024</logicalDatatype>
<dataTypeSize>30</dataTypeSize>
<ownDataTypeParameters>30,,</ownDataTypeParameters>
</Attribute>
<Attribute name="NUM_SEGURO_SAUDE" id="4DDA5B1F-9790-A786-6947-E0B76F4042E2">
<createdBy>Meu Computador</createdBy>
<createdTime>2023-11-24 16:27:59 UTC</createdTime>
<ownerDesignName>database</ownerDesignName>
<engineerTo>
<item key="4098D166-45B0-A2C4-A71B-9065D0D24601" value="true"/>
</engineerTo>
<nullsAllowed>true</nullsAllowed>
<useDomainConstraints>false</useDomainConstraints>
<use>1</use>
<logicalDatatype>LOGDT019</logicalDatatype>
<ownDataTypeParameters>,,</ownDataTypeParameters>
</Attribute>
<Attribute name="CPF" id="DD34B879-8D20-0937-F75E-E0EDDA733AFD">
<createdBy>matpi</createdBy>
<createdTime>2023-11-30 23:00:49 UTC</createdTime>
<generatorID>DD858B7E-A577-5B0E-CFD2-E71B90A3F622</generatorID>
<ownerDesignName>database</ownerDesignName>
<engineerTo>
<item key="4098D166-45B0-A2C4-A71B-9065D0D24601" value="true"/>
</engineerTo>
<referedAttribute>747918B8-E293-6587-4EE9-09F06F75CE1E</referedAttribute>
<useDomainConstraints>false</useDomainConstraints>
<use>1</use>
<logicalDatatype>LOGDT019</logicalDatatype>
<ownDataTypeParameters>,,</ownDataTypeParameters>
</Attribute>
</attributes>
<identifiers itemClass="oracle.dbtools.crest.model.design.logical.CandidateKey">
<identifier id="67D72A76-D2C2-2A2C-3008-1AD949B6EEF9" name="PACIENTE PK">
<createdBy>Meu Computador</createdBy>
<createdTime>2023-11-24 16:28:22 UTC</createdTime>
<ownerDesignName>database</ownerDesignName>
<shouldEngineer>false</shouldEngineer>
<engineerTo>
<item key="4098D166-45B0-A2C4-A71B-9065D0D24601" value="false"/>
</engineerTo>
<pk>true</pk>
<usedAttributes>
<attributeRef>D5E5FA69-E21F-6AD3-B39D-AC76826F36BF</attributeRef>
</usedAttributes>
</identifier>
</identifiers>
</Entity>
