<?xml version = '1.0' encoding = 'UTF-8'?>
<Entity class="oracle.dbtools.crest.model.design.logical.Entity" directorySegmentName="seg_0" id="1F73F9C5-2855-FA69-7F0A-00E267BEDA99" name="PESSOA_FISICA">
<createdBy>Meu Computador</createdBy>
<createdTime>2023-11-24 16:19:28 UTC</createdTime>
<ownerDesignName>database</ownerDesignName>
<engineerTo>
<item key="4098D166-45B0-A2C4-A71B-9065D0D24601" value="true"/>
</engineerTo>
<adequatelyNormalized>NO</adequatelyNormalized>
<expectedVolumes>0</expectedVolumes>
<fwdEngineeringStrategyName>Single Table</fwdEngineeringStrategyName>
<growthPercent>0</growthPercent>
<growthType>Year</growthType>
<maxVolumes>9999999</maxVolumes>
<minVolumes>0</minVolumes>
<normalForm>Third</normalForm>
<attributes itemClass="oracle.dbtools.crest.model.design.logical.Attribute">
<Attribute name="DATA_NASC" id="A44FC168-F66C-54DF-1963-A47AFE0201A3">
<createdBy>Meu Computador</createdBy>
<createdTime>2023-11-24 16:24:47 UTC</createdTime>
<ownerDesignName>database</ownerDesignName>
<engineerTo>
<item key="4098D166-45B0-A2C4-A71B-9065D0D24601" value="true"/>
</engineerTo>
<nullsAllowed>true</nullsAllowed>
<useDomainConstraints>false</useDomainConstraints>
<use>1</use>
<logicalDatatype>LOGDT007</logicalDatatype>
<ownDataTypeParameters>,,</ownDataTypeParameters>
</Attribute>
<Attribute name="CPF" id="747918B8-E293-6587-4EE9-09F06F75CE1E">
<createdBy>Meu Computador</createdBy>
<createdTime>2023-11-24 16:24:55 UTC</createdTime>
<ownerDesignName>database</ownerDesignName>
<engineerTo>
<item key="4098D166-45B0-A2C4-A71B-9065D0D24601" value="true"/>
</engineerTo>
<useDomainConstraints>false</useDomainConstraints>
<use>1</use>
<logicalDatatype>LOGDT019</logicalDatatype>
<ownDataTypeParameters>,,</ownDataTypeParameters>
</Attribute>
<Attribute name="COD_GENERO" id="3CD3A051-CE41-3F0F-D6D2-CAE45D889197">
<createdBy>matpi</createdBy>
<createdTime>2023-11-29 06:07:46 UTC</createdTime>
<generatorID>7EAA318D-A632-2173-273D-189AC691E13E</generatorID>
<ownerDesignName>database</ownerDesignName>
<engineerTo>
<item key="4098D166-45B0-A2C4-A71B-9065D0D24601" value="true"/>
</engineerTo>
<referedAttribute>790843CC-A3DE-3248-1068-0E46B9AAC4B1</referedAttribute>
<useDomainConstraints>false</useDomainConstraints>
<use>1</use>
<logicalDatatype>LOGDT019</logicalDatatype>
<ownDataTypeParameters>,,</ownDataTypeParameters>
</Attribute>
</attributes>
<identifiers itemClass="oracle.dbtools.crest.model.design.logical.CandidateKey">
<identifier id="40C7837A-7F97-E926-0041-03F2E09CF9CD" name="PESSOA_FISICA PK">
<createdBy>matpi</createdBy>
<createdTime>2023-11-30 23:00:47 UTC</createdTime>
<ownerDesignName>database</ownerDesignName>
<engineerTo>
<item key="4098D166-45B0-A2C4-A71B-9065D0D24601" value="true"/>
</engineerTo>
<pk>true</pk>
<usedAttributes>
<attributeRef>747918B8-E293-6587-4EE9-09F06F75CE1E</attributeRef>
</usedAttributes>
</identifier>
</identifiers>
</Entity>
