<?xml version = '1.0' encoding = 'UTF-8'?>
<Entity class="oracle.dbtools.crest.model.design.logical.Entity" directorySegmentName="seg_0" id="42F428E3-FF00-5FFC-894F-F8A30897BCFE" name="MEDICO">
<createdBy>Meu Computador</createdBy>
<createdTime>2023-11-24 16:19:41 UTC</createdTime>
<ownerDesignName>database</ownerDesignName>
<engineerTo>
<item key="4098D166-45B0-A2C4-A71B-9065D0D24601" value="true"/>
</engineerTo>
<adequatelyNormalized>NO</adequatelyNormalized>
<expectedVolumes>0</expectedVolumes>
<fwdEngineeringStrategyName>Single Table</fwdEngineeringStrategyName>
<growthPercent>0</growthPercent>
<growthType>Year</growthType>
<maxVolumes>9999999</maxVolumes>
<minVolumes>0</minVolumes>
<normalForm>Third</normalForm>
<attributes itemClass="oracle.dbtools.crest.model.design.logical.Attribute">
<Attribute name="COD_MEDICO" id="571A5FE2-BB95-7087-D245-FB85C5E7033E">
<createdBy>Meu Computador</createdBy>
<createdTime>2023-11-24 16:27:20 UTC</createdTime>
<ownerDesignName>database</ownerDesignName>
<engineerTo>
<item key="4098D166-45B0-A2C4-A71B-9065D0D24601" value="true"/>
</engineerTo>
<useDomainConstraints>false</useDomainConstraints>
<use>1</use>
<logicalDatatype>LOGDT019</logicalDatatype>
<ownDataTypeParameters>,,</ownDataTypeParameters>
</Attribute>
<Attribute name="CRP" id="4583F99A-2733-D45F-BC51-3608939EDF6C">
<createdBy>Meu Computador</createdBy>
<createdTime>2023-11-24 16:27:24 UTC</createdTime>
<ownerDesignName>database</ownerDesignName>
<engineerTo>
<item key="4098D166-45B0-A2C4-A71B-9065D0D24601" value="true"/>
</engineerTo>
<nullsAllowed>true</nullsAllowed>
<useDomainConstraints>false</useDomainConstraints>
<use>1</use>
<logicalDatatype>LOGDT024</logicalDatatype>
<dataTypeSize>20</dataTypeSize>
<ownDataTypeParameters>20,,</ownDataTypeParameters>
</Attribute>
<Attribute name="CPF" id="D456F687-D733-D3AF-24E1-F9E1EA3A7EF6">
<createdBy>matpi</createdBy>
<createdTime>2023-11-30 23:00:49 UTC</createdTime>
<generatorID>26760B62-7D99-A2F6-826E-C8664F16312B</generatorID>
<ownerDesignName>database</ownerDesignName>
<engineerTo>
<item key="4098D166-45B0-A2C4-A71B-9065D0D24601" value="true"/>
</engineerTo>
<referedAttribute>747918B8-E293-6587-4EE9-09F06F75CE1E</referedAttribute>
<useDomainConstraints>false</useDomainConstraints>
<use>1</use>
<logicalDatatype>LOGDT019</logicalDatatype>
<ownDataTypeParameters>,,</ownDataTypeParameters>
</Attribute>
</attributes>
<identifiers itemClass="oracle.dbtools.crest.model.design.logical.CandidateKey">
<identifier id="6950020C-86EF-2CD1-94EB-272D06723BE3" name="MEDICO PK">
<createdBy>Meu Computador</createdBy>
<createdTime>2023-11-24 16:27:32 UTC</createdTime>
<ownerDesignName>database</ownerDesignName>
<shouldEngineer>false</shouldEngineer>
<engineerTo>
<item key="4098D166-45B0-A2C4-A71B-9065D0D24601" value="false"/>
</engineerTo>
<pk>true</pk>
<usedAttributes>
<attributeRef>571A5FE2-BB95-7087-D245-FB85C5E7033E</attributeRef>
</usedAttributes>
</identifier>
</identifiers>
</Entity>
