<?xml version = '1.0' encoding = 'UTF-8'?>
<Entity class="oracle.dbtools.crest.model.design.logical.Entity" directorySegmentName="seg_0" id="50C6FE04-57CE-DD1F-EAE4-2365BD5F5D4E" name="TRIAGEM">
<createdBy>Meu Computador</createdBy>
<createdTime>2023-11-24 16:19:50 UTC</createdTime>
<ownerDesignName>database</ownerDesignName>
<engineerTo>
<item key="4098D166-45B0-A2C4-A71B-9065D0D24601" value="true"/>
</engineerTo>
<adequatelyNormalized>NO</adequatelyNormalized>
<expectedVolumes>0</expectedVolumes>
<fwdEngineeringStrategyName>Single Table</fwdEngineeringStrategyName>
<growthPercent>0</growthPercent>
<growthType>Year</growthType>
<maxVolumes>9999999</maxVolumes>
<minVolumes>0</minVolumes>
<normalForm>Third</normalForm>
<attributes itemClass="oracle.dbtools.crest.model.design.logical.Attribute">
<Attribute name="COD_TRIAGEM" id="4B444807-5BAA-D2C2-1CEB-2B84897F5C33">
<createdBy>Meu Computador</createdBy>
<createdTime>2023-11-24 16:26:06 UTC</createdTime>
<ownerDesignName>database</ownerDesignName>
<engineerTo>
<item key="4098D166-45B0-A2C4-A71B-9065D0D24601" value="true"/>
</engineerTo>
<useDomainConstraints>false</useDomainConstraints>
<use>1</use>
<logicalDatatype>LOGDT019</logicalDatatype>
<ownDataTypeParameters>,,</ownDataTypeParameters>
</Attribute>
<Attribute name="INICIO" id="35C4272C-4721-E283-C9BB-86A9F4563460">
<createdBy>Meu Computador</createdBy>
<createdTime>2023-11-24 16:26:11 UTC</createdTime>
<ownerDesignName>database</ownerDesignName>
<engineerTo>
<item key="4098D166-45B0-A2C4-A71B-9065D0D24601" value="true"/>
</engineerTo>
<nullsAllowed>true</nullsAllowed>
<useDomainConstraints>false</useDomainConstraints>
<use>1</use>
<logicalDatatype>LOGDT007</logicalDatatype>
<ownDataTypeParameters>,,</ownDataTypeParameters>
</Attribute>
<Attribute name="FIM" id="C87D1C55-A998-2972-293E-2CDFF284EA64">
<createdBy>Meu Computador</createdBy>
<createdTime>2023-11-24 16:26:17 UTC</createdTime>
<ownerDesignName>database</ownerDesignName>
<engineerTo>
<item key="4098D166-45B0-A2C4-A71B-9065D0D24601" value="true"/>
</engineerTo>
<nullsAllowed>true</nullsAllowed>
<useDomainConstraints>false</useDomainConstraints>
<use>1</use>
<logicalDatatype>LOGDT007</logicalDatatype>
<ownDataTypeParameters>,,</ownDataTypeParameters>
</Attribute>
<Attribute name="DURACAO" id="FA056354-1B25-B9ED-E35A-9FDAC726962E">
<createdBy>Meu Computador</createdBy>
<createdTime>2023-11-24 16:26:20 UTC</createdTime>
<ownerDesignName>database</ownerDesignName>
<engineerTo>
<item key="4098D166-45B0-A2C4-A71B-9065D0D24601" value="true"/>
</engineerTo>
<nullsAllowed>true</nullsAllowed>
<useDomainConstraints>false</useDomainConstraints>
<use>1</use>
<logicalDatatype>LOGDT014</logicalDatatype>
<ownDataTypeParameters>,,</ownDataTypeParameters>
</Attribute>
<Attribute name="RESPOSTAS" id="07C8BB9D-A368-E4F8-E499-1774CA4AF39D">
<createdBy>Meu Computador</createdBy>
<createdTime>2023-11-24 16:26:21 UTC</createdTime>
<ownerDesignName>database</ownerDesignName>
<engineerTo>
<item key="4098D166-45B0-A2C4-A71B-9065D0D24601" value="true"/>
</engineerTo>
<nullsAllowed>true</nullsAllowed>
<useDomainConstraints>false</useDomainConstraints>
<use>1</use>
<logicalDatatype>LOGDT024</logicalDatatype>
<dataTypeSize>30</dataTypeSize>
<ownDataTypeParameters>30,,</ownDataTypeParameters>
</Attribute>
<Attribute name="COD_PACIENTE" id="51D3C839-B4BF-83ED-9BF8-A644F50188F0">
<createdBy>Meu Computador</createdBy>
<createdTime>2023-11-24 16:28:36 UTC</createdTime>
<generatorID>20838D4A-E478-70D7-6A04-A52CEAB23726</generatorID>
<ownerDesignName>database</ownerDesignName>
<engineerTo>
<item key="4098D166-45B0-A2C4-A71B-9065D0D24601" value="true"/>
</engineerTo>
<referedAttribute>D5E5FA69-E21F-6AD3-B39D-AC76826F36BF</referedAttribute>
<useDomainConstraints>false</useDomainConstraints>
<use>1</use>
<logicalDatatype>LOGDT019</logicalDatatype>
<ownDataTypeParameters>,,</ownDataTypeParameters>
</Attribute>
<Attribute name="COD_QUESTIONARIO" id="0D0D8AD8-1B8F-82EC-E632-3DD9E475F012">
<createdBy>Meu Computador</createdBy>
<createdTime>2023-11-24 16:23:55 UTC</createdTime>
<generatorID>ED3C70A9-0C1A-66F8-5F19-C03FF2867BC4</generatorID>
<ownerDesignName>database</ownerDesignName>
<engineerTo>
<item key="4098D166-45B0-A2C4-A71B-9065D0D24601" value="true"/>
</engineerTo>
<referedAttribute>1A388BE6-F5DE-2075-7F09-05486796DCE1</referedAttribute>
<useDomainConstraints>false</useDomainConstraints>
<use>1</use>
<logicalDatatype>LOGDT019</logicalDatatype>
<ownDataTypeParameters>,,</ownDataTypeParameters>
</Attribute>
</attributes>
<identifiers itemClass="oracle.dbtools.crest.model.design.logical.CandidateKey">
<identifier id="99160958-7F38-6D16-3A5B-FFF4BE865D79" name="TRIAGEM PK">
<createdBy>Meu Computador</createdBy>
<createdTime>2023-11-24 16:27:00 UTC</createdTime>
<ownerDesignName>database</ownerDesignName>
<shouldEngineer>false</shouldEngineer>
<engineerTo>
<item key="4098D166-45B0-A2C4-A71B-9065D0D24601" value="false"/>
</engineerTo>
<pk>true</pk>
<usedAttributes>
<attributeRef>4B444807-5BAA-D2C2-1CEB-2B84897F5C33</attributeRef>
</usedAttributes>
</identifier>
</identifiers>
</Entity>
