<?xml version = '1.0' encoding = 'UTF-8'?>
<Entity class="oracle.dbtools.crest.model.design.logical.Entity" directorySegmentName="seg_0" id="82F252B5-D380-E436-AD4C-40D9550FCB47" name="CIDADE">
<createdBy>logonrmlocal</createdBy>
<createdTime>2023-11-09 22:52:25 UTC</createdTime>
<ownerDesignName>database</ownerDesignName>
<engineerTo>
<item key="6CCCE8C1-0CA0-FA7D-943B-117901E6B707" value="true"/>
</engineerTo>
<adequatelyNormalized>NO</adequatelyNormalized>
<expectedVolumes>0</expectedVolumes>
<fwdEngineeringStrategyName>Single Table</fwdEngineeringStrategyName>
<growthPercent>0</growthPercent>
<growthType>Year</growthType>
<maxVolumes>9999999</maxVolumes>
<minVolumes>0</minVolumes>
<normalForm>Third</normalForm>
<attributes itemClass="oracle.dbtools.crest.model.design.logical.Attribute">
<Attribute name="COD_CIDADE" id="BF568FE1-7B70-542B-278B-ED606E7386F4">
<createdBy>logonrmlocal</createdBy>
<createdTime>2023-11-09 22:54:26 UTC</createdTime>
<ownerDesignName>database</ownerDesignName>
<engineerTo>
<item key="6CCCE8C1-0CA0-FA7D-943B-117901E6B707" value="true"/>
</engineerTo>
<useDomainConstraints>false</useDomainConstraints>
<use>1</use>
<logicalDatatype>LOGDT019</logicalDatatype>
<ownDataTypeParameters>,,</ownDataTypeParameters>
</Attribute>
<Attribute name="NOME" id="3054B72F-E5FB-E4C4-0387-EEF02F6521DE">
<createdBy>logonrmlocal</createdBy>
<createdTime>2023-11-09 22:54:47 UTC</createdTime>
<ownerDesignName>database</ownerDesignName>
<engineerTo>
<item key="6CCCE8C1-0CA0-FA7D-943B-117901E6B707" value="true"/>
</engineerTo>
<nullsAllowed>true</nullsAllowed>
<useDomainConstraints>false</useDomainConstraints>
<use>1</use>
<logicalDatatype>LOGDT024</logicalDatatype>
<dataTypeSize>30</dataTypeSize>
<ownDataTypeParameters>30,,</ownDataTypeParameters>
</Attribute>
<Attribute name="COD_ESTADO" id="621C4729-459F-9592-958E-9CE6D24B6932">
<createdBy>logonrmlocal</createdBy>
<createdTime>2023-11-09 22:56:15 UTC</createdTime>
<generatorID>A21E5E0A-FDAD-2FBE-C2D8-CDF2B5D8195F</generatorID>
<ownerDesignName>database</ownerDesignName>
<engineerTo>
<item key="6CCCE8C1-0CA0-FA7D-943B-117901E6B707" value="true"/>
</engineerTo>
<referedAttribute>1EB0711B-2A92-015D-E2EC-3998E0F296EB</referedAttribute>
<useDomainConstraints>false</useDomainConstraints>
<use>1</use>
<logicalDatatype>LOGDT019</logicalDatatype>
<ownDataTypeParameters>,,</ownDataTypeParameters>
</Attribute>
<Attribute name="COD_IBGE" id="2EA00E10-A880-C445-306F-563F147D23B6">
<createdBy>logonrmlocal</createdBy>
<createdTime>2023-11-21 23:43:57 UTC</createdTime>
<ownerDesignName>database</ownerDesignName>
<engineerTo>
<item key="6CCCE8C1-0CA0-FA7D-943B-117901E6B707" value="true"/>
</engineerTo>
<nullsAllowed>true</nullsAllowed>
<useDomainConstraints>false</useDomainConstraints>
<use>1</use>
<logicalDatatype>LOGDT019</logicalDatatype>
<ownDataTypeParameters>,,</ownDataTypeParameters>
</Attribute>
</attributes>
<identifiers itemClass="oracle.dbtools.crest.model.design.logical.CandidateKey">
<identifier id="49BC0E5E-501F-81F8-B0A9-4A107F018C7F" name="CIDADE PK">
<createdBy>logonrmlocal</createdBy>
<createdTime>2023-11-09 22:54:47 UTC</createdTime>
<ownerDesignName>database</ownerDesignName>
<engineerTo>
<item key="6CCCE8C1-0CA0-FA7D-943B-117901E6B707" value="true"/>
</engineerTo>
<pk>true</pk>
<usedAttributes>
<attributeRef>BF568FE1-7B70-542B-278B-ED606E7386F4</attributeRef>
</usedAttributes>
</identifier>
</identifiers>
</Entity>