<?xml version = '1.0' encoding = 'UTF-8'?>
<Entity class="oracle.dbtools.crest.model.design.logical.Entity" directorySegmentName="seg_0" id="9AB1AA3B-7CB8-AA2F-D90A-0BA9D157F1C2" name="GENERO">
<createdBy>Meu Computador</createdBy>
<createdTime>2023-11-24 16:19:37 UTC</createdTime>
<ownerDesignName>database</ownerDesignName>
<engineerTo>
<item key="4098D166-45B0-A2C4-A71B-9065D0D24601" value="true"/>
</engineerTo>
<adequatelyNormalized>NO</adequatelyNormalized>
<expectedVolumes>0</expectedVolumes>
<fwdEngineeringStrategyName>Single Table</fwdEngineeringStrategyName>
<growthPercent>0</growthPercent>
<growthType>Year</growthType>
<maxVolumes>9999999</maxVolumes>
<minVolumes>0</minVolumes>
<normalForm>Third</normalForm>
<attributes itemClass="oracle.dbtools.crest.model.design.logical.Attribute">
<Attribute name="COD_GENERO" id="790843CC-A3DE-3248-1068-0E46B9AAC4B1">
<createdBy>matpi</createdBy>
<createdTime>2023-11-29 03:47:29 UTC</createdTime>
<ownerDesignName>database</ownerDesignName>
<engineerTo>
<item key="4098D166-45B0-A2C4-A71B-9065D0D24601" value="true"/>
</engineerTo>
<useDomainConstraints>false</useDomainConstraints>
<use>1</use>
<logicalDatatype>LOGDT019</logicalDatatype>
<ownDataTypeParameters>,,</ownDataTypeParameters>
</Attribute>
<Attribute name="GENERO" id="49A3D26A-6EAF-A894-D9FF-17F1B5C7364C">
<createdBy>Meu Computador</createdBy>
<createdTime>2023-11-24 16:24:27 UTC</createdTime>
<ownerDesignName>database</ownerDesignName>
<engineerTo>
<item key="4098D166-45B0-A2C4-A71B-9065D0D24601" value="true"/>
</engineerTo>
<nullsAllowed>true</nullsAllowed>
<useDomainConstraints>false</useDomainConstraints>
<use>1</use>
<logicalDatatype>LOGDT024</logicalDatatype>
<dataTypeSize>20</dataTypeSize>
<ownDataTypeParameters>20,,</ownDataTypeParameters>
</Attribute>
</attributes>
<identifiers itemClass="oracle.dbtools.crest.model.design.logical.CandidateKey">
<identifier id="B756AA7F-2CD8-F784-FEE8-D190BF2790FE" name="GENERO PK">
<createdBy>matpi</createdBy>
<createdTime>2023-11-29 03:47:34 UTC</createdTime>
<ownerDesignName>database</ownerDesignName>
<shouldEngineer>false</shouldEngineer>
<engineerTo>
<item key="4098D166-45B0-A2C4-A71B-9065D0D24601" value="false"/>
</engineerTo>
<pk>true</pk>
<usedAttributes>
<attributeRef>790843CC-A3DE-3248-1068-0E46B9AAC4B1</attributeRef>
</usedAttributes>
</identifier>
</identifiers>
</Entity>
