<?xml version = '1.0' encoding = 'UTF-8'?>
<Entity class="oracle.dbtools.crest.model.design.logical.Entity" directorySegmentName="seg_0" id="A4B37ED9-6ECC-52C7-07AE-C5FC6177E350" name="ENDERECO">
<createdBy>logonrmlocal</createdBy>
<createdTime>2023-11-21 23:07:02 UTC</createdTime>
<ownerDesignName>database</ownerDesignName>
<engineerTo>
<item key="4098D166-45B0-A2C4-A71B-9065D0D24601" value="true"/>
</engineerTo>
<adequatelyNormalized>NO</adequatelyNormalized>
<expectedVolumes>0</expectedVolumes>
<fwdEngineeringStrategyName>Single Table</fwdEngineeringStrategyName>
<growthPercent>0</growthPercent>
<growthType>Year</growthType>
<maxVolumes>9999999</maxVolumes>
<minVolumes>0</minVolumes>
<normalForm>Third</normalForm>
<attributes itemClass="oracle.dbtools.crest.model.design.logical.Attribute">
<Attribute name="COD_ENDERECO" id="7D9DDABA-75EB-DC79-9CEE-26983EA6B72B">
<createdBy>logonrmlocal</createdBy>
<createdTime>2023-11-21 23:07:06 UTC</createdTime>
<ownerDesignName>database</ownerDesignName>
<engineerTo>
<item key="4098D166-45B0-A2C4-A71B-9065D0D24601" value="true"/>
</engineerTo>
<useDomainConstraints>false</useDomainConstraints>
<use>1</use>
<logicalDatatype>LOGDT019</logicalDatatype>
<ownDataTypeParameters>,,</ownDataTypeParameters>
</Attribute>
<Attribute name="CEP" id="433D870C-451B-2EAD-1146-64D424443F70">
<createdBy>logonrmlocal</createdBy>
<createdTime>2023-11-21 23:07:20 UTC</createdTime>
<ownerDesignName>database</ownerDesignName>
<engineerTo>
<item key="4098D166-45B0-A2C4-A71B-9065D0D24601" value="true"/>
</engineerTo>
<nullsAllowed>true</nullsAllowed>
<useDomainConstraints>false</useDomainConstraints>
<use>1</use>
<logicalDatatype>LOGDT019</logicalDatatype>
<ownDataTypeParameters>,,</ownDataTypeParameters>
</Attribute>
<Attribute name="LOGRADOURO" id="60BA7C3C-DEF4-0257-7B82-729A657EE7D5">
<createdBy>logonrmlocal</createdBy>
<createdTime>2023-11-21 23:07:46 UTC</createdTime>
<ownerDesignName>database</ownerDesignName>
<engineerTo>
<item key="4098D166-45B0-A2C4-A71B-9065D0D24601" value="true"/>
</engineerTo>
<nullsAllowed>true</nullsAllowed>
<useDomainConstraints>false</useDomainConstraints>
<use>1</use>
<logicalDatatype>LOGDT024</logicalDatatype>
<dataTypeSize>30</dataTypeSize>
<ownDataTypeParameters>30,,</ownDataTypeParameters>
</Attribute>
<Attribute name="NUMERO" id="496C2FA8-D673-3CF6-3FD4-5569739FAEF4">
<createdBy>logonrmlocal</createdBy>
<createdTime>2023-11-21 23:08:49 UTC</createdTime>
<ownerDesignName>database</ownerDesignName>
<engineerTo>
<item key="4098D166-45B0-A2C4-A71B-9065D0D24601" value="true"/>
</engineerTo>
<nullsAllowed>true</nullsAllowed>
<useDomainConstraints>false</useDomainConstraints>
<use>1</use>
<logicalDatatype>LOGDT019</logicalDatatype>
<ownDataTypeParameters>,,</ownDataTypeParameters>
</Attribute>
<Attribute name="COMPLEMENTO" id="A631930D-F388-1085-1163-2C98327315E5">
<createdBy>logonrmlocal</createdBy>
<createdTime>2023-11-21 23:09:41 UTC</createdTime>
<ownerDesignName>database</ownerDesignName>
<engineerTo>
<item key="4098D166-45B0-A2C4-A71B-9065D0D24601" value="true"/>
</engineerTo>
<nullsAllowed>true</nullsAllowed>
<useDomainConstraints>false</useDomainConstraints>
<use>1</use>
<logicalDatatype>LOGDT024</logicalDatatype>
<dataTypeSize>30</dataTypeSize>
<ownDataTypeParameters>30,,</ownDataTypeParameters>
</Attribute>
<Attribute name="COD_PESSOA" id="C6E0FA4C-4B6E-6CC5-61E7-2C30F67FC0FE">
<createdBy>logonrmlocal</createdBy>
<createdTime>2023-11-21 23:12:52 UTC</createdTime>
<generatorID>DF805A2C-F770-6776-A97F-75B6EB7BF25F</generatorID>
<ownerDesignName>database</ownerDesignName>
<engineerTo>
<item key="4098D166-45B0-A2C4-A71B-9065D0D24601" value="true"/>
</engineerTo>
<referedAttribute>DE7C6B18-EE44-9F08-D7C8-85F702CD34D6</referedAttribute>
<useDomainConstraints>false</useDomainConstraints>
<use>1</use>
<logicalDatatype>LOGDT019</logicalDatatype>
<ownDataTypeParameters>,,</ownDataTypeParameters>
</Attribute>
<Attribute name="COD_BAIRRO" id="629C61F5-3CC5-0FF0-0CB2-0E3666A5E715">
<createdBy>matpi</createdBy>
<createdTime>2023-11-30 15:47:29 UTC</createdTime>
<generatorID>E1428753-DD10-4912-BC1C-14F38A0E2A90</generatorID>
<ownerDesignName>database</ownerDesignName>
<engineerTo>
<item key="4098D166-45B0-A2C4-A71B-9065D0D24601" value="true"/>
</engineerTo>
<referedAttribute>E2C949FA-1A9C-C086-3D7B-6161D2E38C9C</referedAttribute>
<useDomainConstraints>false</useDomainConstraints>
<use>1</use>
<logicalDatatype>LOGDT019</logicalDatatype>
<ownDataTypeParameters>,,</ownDataTypeParameters>
</Attribute>
</attributes>
<identifiers itemClass="oracle.dbtools.crest.model.design.logical.CandidateKey">
<identifier id="A503DE7C-E413-8D0E-1E80-961FEE073076" name="ENDERECO PK">
<createdBy>logonrmlocal</createdBy>
<createdTime>2023-11-21 23:07:19 UTC</createdTime>
<ownerDesignName>database</ownerDesignName>
<shouldEngineer>false</shouldEngineer>
<engineerTo>
<item key="4098D166-45B0-A2C4-A71B-9065D0D24601" value="false"/>
</engineerTo>
<pk>true</pk>
<usedAttributes>
<attributeRef>7D9DDABA-75EB-DC79-9CEE-26983EA6B72B</attributeRef>
</usedAttributes>
</identifier>
</identifiers>
</Entity>
