<?xml version = '1.0' encoding = 'UTF-8'?>
<Entity class="oracle.dbtools.crest.model.design.logical.Entity" directorySegmentName="seg_0" id="C2F3F7A1-5554-4218-09F5-FBD472D84967" name="AGENDA_MEDICO">
<createdBy>Meu Computador</createdBy>
<createdTime>2023-11-24 16:20:02 UTC</createdTime>
<ownerDesignName>database</ownerDesignName>
<engineerTo>
<item key="F21FB40E-E962-3F8B-61AF-43BE683A93CF" value="true"/>
</engineerTo>
<adequatelyNormalized>NO</adequatelyNormalized>
<expectedVolumes>0</expectedVolumes>
<fwdEngineeringStrategyName>Single Table</fwdEngineeringStrategyName>
<growthPercent>0</growthPercent>
<growthType>Year</growthType>
<maxVolumes>9999999</maxVolumes>
<minVolumes>0</minVolumes>
<normalForm>Third</normalForm>
<attributes itemClass="oracle.dbtools.crest.model.design.logical.Attribute">
<Attribute name="COD_AGENDA_MEDICO" id="210093E6-26CA-CEFE-0A6A-CA206F82BEDA">
<createdBy>Meu Computador</createdBy>
<createdTime>2023-11-24 16:31:23 UTC</createdTime>
<ownerDesignName>database</ownerDesignName>
<engineerTo>
<item key="F21FB40E-E962-3F8B-61AF-43BE683A93CF" value="true"/>
</engineerTo>
<useDomainConstraints>false</useDomainConstraints>
<use>1</use>
<logicalDatatype>LOGDT019</logicalDatatype>
<ownDataTypeParameters>,,</ownDataTypeParameters>
</Attribute>
<Attribute name="DATA_DISPONIBILIDADE" id="AD3E2225-EA88-42ED-1686-BE63A4BFAFF3">
<createdBy>Meu Computador</createdBy>
<createdTime>2023-11-24 16:31:23 UTC</createdTime>
<ownerDesignName>database</ownerDesignName>
<engineerTo>
<item key="F21FB40E-E962-3F8B-61AF-43BE683A93CF" value="true"/>
</engineerTo>
<nullsAllowed>true</nullsAllowed>
<useDomainConstraints>false</useDomainConstraints>
<use>1</use>
<logicalDatatype>LOGDT007</logicalDatatype>
<ownDataTypeParameters>,,</ownDataTypeParameters>
</Attribute>
<Attribute name="HORA_INICIO_DISPONIBILIDADE" id="ABB68828-A0EA-BE75-65FA-BCB200A328B8">
<createdBy>Meu Computador</createdBy>
<createdTime>2023-11-24 16:31:23 UTC</createdTime>
<ownerDesignName>database</ownerDesignName>
<engineerTo>
<item key="F21FB40E-E962-3F8B-61AF-43BE683A93CF" value="true"/>
</engineerTo>
<nullsAllowed>true</nullsAllowed>
<useDomainConstraints>false</useDomainConstraints>
<use>1</use>
<logicalDatatype>LOGDT014</logicalDatatype>
<ownDataTypeParameters>,,</ownDataTypeParameters>
</Attribute>
<Attribute name="HORA_TERMINO_DISPONIBILIDADE" id="22AF7147-F0DE-862B-6082-68B8E9176D5B">
<createdBy>Meu Computador</createdBy>
<createdTime>2023-11-24 16:31:23 UTC</createdTime>
<ownerDesignName>database</ownerDesignName>
<engineerTo>
<item key="F21FB40E-E962-3F8B-61AF-43BE683A93CF" value="true"/>
</engineerTo>
<nullsAllowed>true</nullsAllowed>
<useDomainConstraints>false</useDomainConstraints>
<use>1</use>
<logicalDatatype>LOGDT014</logicalDatatype>
<ownDataTypeParameters>,,</ownDataTypeParameters>
</Attribute>
<Attribute name="STATUS_DISPONIBILIDADE" id="46F12651-2B1C-9957-BB64-56821758DDA3">
<createdBy>Meu Computador</createdBy>
<createdTime>2023-11-24 16:31:23 UTC</createdTime>
<ownerDesignName>database</ownerDesignName>
<engineerTo>
<item key="F21FB40E-E962-3F8B-61AF-43BE683A93CF" value="true"/>
</engineerTo>
<nullsAllowed>true</nullsAllowed>
<useDomainConstraints>false</useDomainConstraints>
<use>1</use>
<logicalDatatype>LOGDT024</logicalDatatype>
<dataTypeSize>20</dataTypeSize>
<ownDataTypeParameters>20,,</ownDataTypeParameters>
</Attribute>
<Attribute name="INTERVALO" id="2ADDA2DC-B555-530D-F5FA-F66A7B5AD3D8">
<createdBy>Meu Computador</createdBy>
<createdTime>2023-11-24 16:31:24 UTC</createdTime>
<ownerDesignName>database</ownerDesignName>
<engineerTo>
<item key="F21FB40E-E962-3F8B-61AF-43BE683A93CF" value="true"/>
</engineerTo>
<nullsAllowed>true</nullsAllowed>
<useDomainConstraints>false</useDomainConstraints>
<use>1</use>
<logicalDatatype>LOGDT014</logicalDatatype>
<ownDataTypeParameters>,,</ownDataTypeParameters>
</Attribute>
<Attribute name="COD_MEDICO" id="85FFCBFB-7BC1-939A-D667-20C18FD3AE0F">
<createdBy>Meu Computador</createdBy>
<createdTime>2023-11-24 16:27:33 UTC</createdTime>
<generatorID>2750F36F-8550-8781-9926-CBA89A6F33AE</generatorID>
<ownerDesignName>database</ownerDesignName>
<engineerTo>
<item key="F21FB40E-E962-3F8B-61AF-43BE683A93CF" value="true"/>
</engineerTo>
<referedAttribute>571A5FE2-BB95-7087-D245-FB85C5E7033E</referedAttribute>
<useDomainConstraints>false</useDomainConstraints>
<use>1</use>
<logicalDatatype>LOGDT019</logicalDatatype>
<ownDataTypeParameters>,,</ownDataTypeParameters>
</Attribute>
</attributes>
<identifiers itemClass="oracle.dbtools.crest.model.design.logical.CandidateKey">
<identifier id="E341C74D-3A5F-DC1D-4EAA-0FAA633A8917" name="AGENDA_MEDICO PK">
<createdBy>Meu Computador</createdBy>
<createdTime>2023-11-24 16:32:36 UTC</createdTime>
<ownerDesignName>database</ownerDesignName>
<engineerTo>
<item key="F21FB40E-E962-3F8B-61AF-43BE683A93CF" value="true"/>
</engineerTo>
<pk>true</pk>
<usedAttributes>
<attributeRef>210093E6-26CA-CEFE-0A6A-CA206F82BEDA</attributeRef>
</usedAttributes>
</identifier>
</identifiers>
</Entity>
