<?xml version = '1.0' encoding = 'UTF-8'?>
<Entity class="oracle.dbtools.crest.model.design.logical.Entity" directorySegmentName="seg_0" id="D1413585-F327-9623-4067-6821801E4268" name="DIAGNOSTICO">
<createdBy>logonrmlocal</createdBy>
<createdTime>2023-11-21 23:24:32 UTC</createdTime>
<ownerDesignName>database</ownerDesignName>
<engineerTo>
<item key="4098D166-45B0-A2C4-A71B-9065D0D24601" value="true"/>
</engineerTo>
<adequatelyNormalized>NO</adequatelyNormalized>
<expectedVolumes>0</expectedVolumes>
<fwdEngineeringStrategyName>Single Table</fwdEngineeringStrategyName>
<growthPercent>0</growthPercent>
<growthType>Year</growthType>
<maxVolumes>9999999</maxVolumes>
<minVolumes>0</minVolumes>
<normalForm>Third</normalForm>
<attributes itemClass="oracle.dbtools.crest.model.design.logical.Attribute">
<Attribute name="COD_DIAGNOSTICO" id="1E797C23-3820-1E4E-4AC5-35A7BB073867">
<createdBy>logonrmlocal</createdBy>
<createdTime>2023-11-21 23:24:45 UTC</createdTime>
<ownerDesignName>database</ownerDesignName>
<engineerTo>
<item key="4098D166-45B0-A2C4-A71B-9065D0D24601" value="true"/>
</engineerTo>
<useDomainConstraints>false</useDomainConstraints>
<use>1</use>
<logicalDatatype>LOGDT019</logicalDatatype>
<ownDataTypeParameters>,,</ownDataTypeParameters>
</Attribute>
<Attribute name="DATA_GERACAO" id="C6F474AA-2246-6D0A-DA53-CBD4FA483081">
<createdBy>logonrmlocal</createdBy>
<createdTime>2023-11-21 23:51:21 UTC</createdTime>
<ownerDesignName>database</ownerDesignName>
<engineerTo>
<item key="4098D166-45B0-A2C4-A71B-9065D0D24601" value="true"/>
</engineerTo>
<nullsAllowed>true</nullsAllowed>
<useDomainConstraints>false</useDomainConstraints>
<use>1</use>
<logicalDatatype>LOGDT007</logicalDatatype>
<ownDataTypeParameters>,,</ownDataTypeParameters>
</Attribute>
<Attribute name="RESULTADO" id="F63284ED-5FF1-7F1C-A9FA-2D65CD011811">
<createdBy>logonrmlocal</createdBy>
<createdTime>2023-11-21 23:52:30 UTC</createdTime>
<ownerDesignName>database</ownerDesignName>
<engineerTo>
<item key="4098D166-45B0-A2C4-A71B-9065D0D24601" value="true"/>
</engineerTo>
<nullsAllowed>true</nullsAllowed>
<useDomainConstraints>false</useDomainConstraints>
<use>1</use>
<logicalDatatype>LOGDT024</logicalDatatype>
<dataTypeSize>200</dataTypeSize>
<ownDataTypeParameters>200,,</ownDataTypeParameters>
</Attribute>
<Attribute name="OBSERVACAO" id="6DDD199A-4363-6111-73C7-72549E5BDAB8">
<createdBy>logonrmlocal</createdBy>
<createdTime>2023-11-21 23:52:39 UTC</createdTime>
<ownerDesignName>database</ownerDesignName>
<engineerTo>
<item key="4098D166-45B0-A2C4-A71B-9065D0D24601" value="true"/>
</engineerTo>
<nullsAllowed>true</nullsAllowed>
<useDomainConstraints>false</useDomainConstraints>
<use>1</use>
<logicalDatatype>LOGDT024</logicalDatatype>
<dataTypeSize>30</dataTypeSize>
<ownDataTypeParameters>30,,</ownDataTypeParameters>
</Attribute>
<Attribute name="SEGMENTO_ACAO" id="2E271338-8150-2436-F103-AEBBC7AD4159">
<createdBy>logonrmlocal</createdBy>
<createdTime>2023-11-21 23:55:34 UTC</createdTime>
<ownerDesignName>database</ownerDesignName>
<engineerTo>
<item key="4098D166-45B0-A2C4-A71B-9065D0D24601" value="true"/>
</engineerTo>
<nullsAllowed>true</nullsAllowed>
<useDomainConstraints>false</useDomainConstraints>
<use>1</use>
<logicalDatatype>LOGDT024</logicalDatatype>
<dataTypeSize>30</dataTypeSize>
<ownDataTypeParameters>30,,</ownDataTypeParameters>
</Attribute>
<Attribute name="COD_TRIAGEM" id="A8128718-2F6E-6993-AF60-035CD03C31B7">
<createdBy>Meu Computador</createdBy>
<createdTime>2023-11-24 16:27:00 UTC</createdTime>
<generatorID>CE686D74-C49C-FAF6-6E29-A0FA725AD98F</generatorID>
<ownerDesignName>database</ownerDesignName>
<engineerTo>
<item key="4098D166-45B0-A2C4-A71B-9065D0D24601" value="true"/>
</engineerTo>
<referedAttribute>4B444807-5BAA-D2C2-1CEB-2B84897F5C33</referedAttribute>
<useDomainConstraints>false</useDomainConstraints>
<use>1</use>
<logicalDatatype>LOGDT019</logicalDatatype>
<ownDataTypeParameters>,,</ownDataTypeParameters>
</Attribute>
<Attribute name="COD_MEDICO" id="FFF367E0-9C4D-6CD6-7F6E-FF315BB41D02">
<createdBy>matpi</createdBy>
<createdTime>2023-11-30 23:05:08 UTC</createdTime>
<generatorID>FB84CABD-CEF6-E5D1-934F-8A700ED93339</generatorID>
<ownerDesignName>database</ownerDesignName>
<engineerTo>
<item key="4098D166-45B0-A2C4-A71B-9065D0D24601" value="true"/>
</engineerTo>
<referedAttribute>571A5FE2-BB95-7087-D245-FB85C5E7033E</referedAttribute>
<useDomainConstraints>false</useDomainConstraints>
<use>1</use>
<logicalDatatype>LOGDT019</logicalDatatype>
<ownDataTypeParameters>,,</ownDataTypeParameters>
</Attribute>
</attributes>
<identifiers itemClass="oracle.dbtools.crest.model.design.logical.CandidateKey">
<identifier id="F3CAF66B-7571-4F11-CB82-4A6052376928" name="DIAGNOSTICO PK">
<createdBy>logonrmlocal</createdBy>
<createdTime>2023-11-21 23:25:00 UTC</createdTime>
<ownerDesignName>database</ownerDesignName>
<shouldEngineer>false</shouldEngineer>
<engineerTo>
<item key="4098D166-45B0-A2C4-A71B-9065D0D24601" value="false"/>
</engineerTo>
<pk>true</pk>
<usedAttributes>
<attributeRef>1E797C23-3820-1E4E-4AC5-35A7BB073867</attributeRef>
</usedAttributes>
</identifier>
</identifiers>
</Entity>
