<?xml version = '1.0' encoding = 'UTF-8'?>
<Entity class="oracle.dbtools.crest.model.design.logical.Entity" directorySegmentName="seg_0" id="EC1B9CC6-E805-2F98-D333-B0005248B1D5" name="AGENDAMENTO">
<createdBy>Meu Computador</createdBy>
<createdTime>2023-11-24 16:19:58 UTC</createdTime>
<ownerDesignName>database</ownerDesignName>
<engineerTo>
<item key="F21FB40E-E962-3F8B-61AF-43BE683A93CF" value="true"/>
</engineerTo>
<adequatelyNormalized>NO</adequatelyNormalized>
<expectedVolumes>0</expectedVolumes>
<fwdEngineeringStrategyName>Single Table</fwdEngineeringStrategyName>
<growthPercent>0</growthPercent>
<growthType>Year</growthType>
<maxVolumes>9999999</maxVolumes>
<minVolumes>0</minVolumes>
<normalForm>Third</normalForm>
<attributes itemClass="oracle.dbtools.crest.model.design.logical.Attribute">
<Attribute name="COD_AGENDAMENTO" id="073DADA3-594C-EDDF-FC9A-4A05719CFCA6">
<createdBy>Meu Computador</createdBy>
<createdTime>2023-11-24 16:33:13 UTC</createdTime>
<ownerDesignName>database</ownerDesignName>
<engineerTo>
<item key="F21FB40E-E962-3F8B-61AF-43BE683A93CF" value="true"/>
</engineerTo>
<useDomainConstraints>false</useDomainConstraints>
<use>1</use>
<logicalDatatype>LOGDT019</logicalDatatype>
<ownDataTypeParameters>,,</ownDataTypeParameters>
</Attribute>
<Attribute name="DATA_AGENDAMENTO" id="052DD785-66C6-C312-6041-D34A603366B2">
<createdBy>Meu Computador</createdBy>
<createdTime>2023-11-24 16:33:13 UTC</createdTime>
<ownerDesignName>database</ownerDesignName>
<engineerTo>
<item key="F21FB40E-E962-3F8B-61AF-43BE683A93CF" value="true"/>
</engineerTo>
<nullsAllowed>true</nullsAllowed>
<useDomainConstraints>false</useDomainConstraints>
<use>1</use>
<logicalDatatype>LOGDT007</logicalDatatype>
<ownDataTypeParameters>,,</ownDataTypeParameters>
</Attribute>
<Attribute name="HORA_AGENDAMENTO" id="974A3BFE-13A3-CF9B-5BF8-389E173635AC">
<createdBy>Meu Computador</createdBy>
<createdTime>2023-11-24 16:33:14 UTC</createdTime>
<ownerDesignName>database</ownerDesignName>
<engineerTo>
<item key="F21FB40E-E962-3F8B-61AF-43BE683A93CF" value="true"/>
</engineerTo>
<nullsAllowed>true</nullsAllowed>
<useDomainConstraints>false</useDomainConstraints>
<use>1</use>
<logicalDatatype>LOGDT014</logicalDatatype>
<ownDataTypeParameters>,,</ownDataTypeParameters>
</Attribute>
<Attribute name="STATUS" id="6285A811-7436-1195-100F-EC9824134204">
<createdBy>Meu Computador</createdBy>
<createdTime>2023-11-24 16:33:14 UTC</createdTime>
<ownerDesignName>database</ownerDesignName>
<engineerTo>
<item key="F21FB40E-E962-3F8B-61AF-43BE683A93CF" value="true"/>
</engineerTo>
<nullsAllowed>true</nullsAllowed>
<useDomainConstraints>false</useDomainConstraints>
<use>1</use>
<logicalDatatype>LOGDT024</logicalDatatype>
<dataTypeSize>20</dataTypeSize>
<ownDataTypeParameters>20,,</ownDataTypeParameters>
</Attribute>
<Attribute name="OBSERVACOES" id="A7A70CBE-E336-6FD3-93FE-8CA9D227182C">
<createdBy>Meu Computador</createdBy>
<createdTime>2023-11-24 16:33:14 UTC</createdTime>
<ownerDesignName>database</ownerDesignName>
<engineerTo>
<item key="F21FB40E-E962-3F8B-61AF-43BE683A93CF" value="true"/>
</engineerTo>
<nullsAllowed>true</nullsAllowed>
<useDomainConstraints>false</useDomainConstraints>
<use>1</use>
<logicalDatatype>LOGDT024</logicalDatatype>
<dataTypeSize>30</dataTypeSize>
<ownDataTypeParameters>30,,</ownDataTypeParameters>
</Attribute>
<Attribute name="COD_AGENDA_MEDICO" id="268F06CE-F79A-B0D7-8158-D907DB4127F2">
<createdBy>matpi</createdBy>
<createdTime>2023-11-30 23:03:28 UTC</createdTime>
<generatorID>B8AFEFBA-1357-B50B-3721-26ECD1975F26</generatorID>
<ownerDesignName>database</ownerDesignName>
<engineerTo>
<item key="F21FB40E-E962-3F8B-61AF-43BE683A93CF" value="true"/>
</engineerTo>
<referedAttribute>210093E6-26CA-CEFE-0A6A-CA206F82BEDA</referedAttribute>
<useDomainConstraints>false</useDomainConstraints>
<use>1</use>
<logicalDatatype>LOGDT019</logicalDatatype>
<ownDataTypeParameters>,,</ownDataTypeParameters>
</Attribute>
<Attribute name="COD_PACIENTE" id="041CB39C-27CB-50B7-9B2D-9EEA15228B42">
<createdBy>matpi</createdBy>
<createdTime>2023-11-30 23:03:44 UTC</createdTime>
<generatorID>BE6FF75A-09D0-6258-006C-063655A43627</generatorID>
<ownerDesignName>database</ownerDesignName>
<engineerTo>
<item key="F21FB40E-E962-3F8B-61AF-43BE683A93CF" value="true"/>
</engineerTo>
<referedAttribute>D5E5FA69-E21F-6AD3-B39D-AC76826F36BF</referedAttribute>
<useDomainConstraints>false</useDomainConstraints>
<use>1</use>
<logicalDatatype>LOGDT019</logicalDatatype>
<ownDataTypeParameters>,,</ownDataTypeParameters>
</Attribute>
</attributes>
<identifiers itemClass="oracle.dbtools.crest.model.design.logical.CandidateKey">
<identifier id="0E440FD6-2B48-5868-322A-DBC419429BE4" name="AGENDAMENTO PK">
<createdBy>Meu Computador</createdBy>
<createdTime>2023-11-24 16:34:08 UTC</createdTime>
<ownerDesignName>database</ownerDesignName>
<engineerTo>
<item key="F21FB40E-E962-3F8B-61AF-43BE683A93CF" value="true"/>
</engineerTo>
<pk>true</pk>
<usedAttributes>
<attributeRef>073DADA3-594C-EDDF-FC9A-4A05719CFCA6</attributeRef>
<attributeRef>268F06CE-F79A-B0D7-8158-D907DB4127F2</attributeRef>
<attributeRef>041CB39C-27CB-50B7-9B2D-9EEA15228B42</attributeRef>
</usedAttributes>
</identifier>
</identifiers>
</Entity>
