<?xml version = '1.0' encoding = 'UTF-8'?>
<Table class="oracle.dbtools.crest.model.design.relational.Table" directorySegmentName="seg_0" id="5577AA24-3FEB-AFC5-7F21-ECF4FBEA5FAF" name="RECOMENDACAO">
<createdBy>logonrmlocal</createdBy>
<createdTime>2023-11-22 00:22:35 UTC</createdTime>
<generatorID>C4B93E6D-60C7-C8B9-4D2A-3CD502A78EB5</generatorID>
<ownerDesignName>database</ownerDesignName>
<allowColumnReorder>false</allowColumnReorder>
<existDependencyGenerateInDDl>true</existDependencyGenerateInDDl>
<parsed>true</parsed>
<columns itemClass="oracle.dbtools.crest.model.design.relational.Column">
<Column name="COD_RECOMENDACAO" id="34A1D308-96A8-7402-7280-D6FA05697899">
<createdBy>logonrmlocal</createdBy>
<createdTime>2023-11-22 00:22:35 UTC</createdTime>
<generatorID>B03DC4EF-8F31-AD0B-ED7D-FF2C079B881F</generatorID>
<ownerDesignName>database</ownerDesignName>
<useDomainConstraints>false</useDomainConstraints>
<use>1</use>
<logicalDatatype>LOGDT019</logicalDatatype>
<ownDataTypeParameters>,,</ownDataTypeParameters>
<autoIncrementCycle>false</autoIncrementCycle>
</Column>
<Column name="DIAGNOSTICO_COD_DIAGNOSTICO" id="AE309FCD-893F-84D3-AB58-F4B7B526C679">
<createdBy>logonrmlocal</createdBy>
<createdTime>2023-11-22 00:22:35 UTC</createdTime>
<generatorID>A4E4C24C-3120-FBB0-8C52-BB098B2EF470</generatorID>
<ownerDesignName>database</ownerDesignName>
<useDomainConstraints>false</useDomainConstraints>
<use>1</use>
<logicalDatatype>LOGDT019</logicalDatatype>
<ownDataTypeParameters>,,</ownDataTypeParameters>
<previousColumn>false</previousColumn>
<autoIncrementCycle>false</autoIncrementCycle>
<associations>
<colAssociation fkAssociation="8E894BC1-126C-F555-A16B-5018D5EAE1AA" referredColumn="797B2E09-8A95-49D9-F337-91DBF37E86E0"/>
</associations>
</Column>
<Column name="RECOMENDACAO" id="CDB4EF21-9F8D-5333-7C31-F27B5E0C7589">
<createdBy>logonrmlocal</createdBy>
<createdTime>2023-11-22 00:22:35 UTC</createdTime>
<generatorID>90D83CA5-41FA-91EA-9982-6BF2F2D7E835</generatorID>
<ownerDesignName>database</ownerDesignName>
<nullsAllowed>true</nullsAllowed>
<useDomainConstraints>false</useDomainConstraints>
<use>1</use>
<logicalDatatype>LOGDT024</logicalDatatype>
<dataTypeSize>30</dataTypeSize>
<ownDataTypeParameters>30,,</ownDataTypeParameters>
<autoIncrementCycle>false</autoIncrementCycle>
</Column>
</columns>
<indexes itemClass="oracle.dbtools.crest.model.design.relational.Index">
<ind_PK_UK id="6C3199BD-926D-11E8-2FFE-21938D19E878" name="RECOMENDACAO_PK">
<createdBy>logonrmlocal</createdBy>
<createdTime>2023-11-22 00:22:35 UTC</createdTime>
<generatorID>3B50DE71-7DC2-8E6F-620B-D29E39C4204A</generatorID>
<ownerDesignName>database</ownerDesignName>
<pk>true</pk>
<indexState>Primary Constraint</indexState>
<isSurrogateKey>false</isSurrogateKey>
<indexColumnUsage>
<colUsage columnID="34A1D308-96A8-7402-7280-D6FA05697899"/>
</indexColumnUsage>
</ind_PK_UK>
<ind_PK_UK id="3BBA128F-1752-39B9-5B24-89E371E37705" name="RECOMENDACAO_DIAGNOSTICO_FK">
<createdBy>logonrmlocal</createdBy>
<createdTime>2023-11-22 00:22:35 UTC</createdTime>
<generatorID>E78FF7FA-0D5F-A805-B8DE-2FB4242956C9</generatorID>
<ownerDesignName>database</ownerDesignName>
<indexState>Foreign Key</indexState>
<isSurrogateKey>false</isSurrogateKey>
<indexColumnUsage>
<colUsage columnID="AE309FCD-893F-84D3-AB58-F4B7B526C679"/>
</indexColumnUsage>
</ind_PK_UK>
</indexes>
</Table>
