<?xml version = '1.0' encoding = 'UTF-8'?>
<Table class="oracle.dbtools.crest.model.design.relational.Table" directorySegmentName="seg_0" id="AFA1BE45-E345-52DA-AEB7-B8C71108AF60" name="BAIRRO">
<createdBy>logonrmlocal</createdBy>
<createdTime>2023-11-22 00:22:35 UTC</createdTime>
<generatorID>43BBF320-6BE0-15E0-A548-A7D7D203A0B0</generatorID>
<ownerDesignName>database</ownerDesignName>
<allowColumnReorder>false</allowColumnReorder>
<existDependencyGenerateInDDl>true</existDependencyGenerateInDDl>
<parsed>true</parsed>
<columns itemClass="oracle.dbtools.crest.model.design.relational.Column">
<Column name="COD_BAIRRO" id="518C6DE6-3842-5E7A-3657-4A43DBDB2101">
<createdBy>logonrmlocal</createdBy>
<createdTime>2023-11-22 00:22:35 UTC</createdTime>
<generatorID>E2C949FA-1A9C-C086-3D7B-6161D2E38C9C</generatorID>
<ownerDesignName>database</ownerDesignName>
<useDomainConstraints>false</useDomainConstraints>
<use>1</use>
<logicalDatatype>LOGDT019</logicalDatatype>
<ownDataTypeParameters>,,</ownDataTypeParameters>
<autoIncrementCycle>false</autoIncrementCycle>
</Column>
<Column name="NOME" id="A26E02A0-4EF4-5990-0053-7F7DA879365F">
<createdBy>logonrmlocal</createdBy>
<createdTime>2023-11-22 00:22:35 UTC</createdTime>
<generatorID>E56FF9DA-B0B7-4D68-1462-BD3F84B2B2F3</generatorID>
<ownerDesignName>database</ownerDesignName>
<nullsAllowed>true</nullsAllowed>
<useDomainConstraints>false</useDomainConstraints>
<use>1</use>
<logicalDatatype>LOGDT024</logicalDatatype>
<dataTypeSize>30</dataTypeSize>
<ownDataTypeParameters>30,,</ownDataTypeParameters>
<autoIncrementCycle>false</autoIncrementCycle>
</Column>
<Column name="CIDADE_COD_CIDADE" id="904D2E83-7A21-E4EB-3A41-3172169A4FB8">
<createdBy>logonrmlocal</createdBy>
<createdTime>2023-11-22 00:22:35 UTC</createdTime>
<generatorID>C2CC8AE9-D5F0-0FD3-0905-A9D68990C04B</generatorID>
<ownerDesignName>database</ownerDesignName>
<useDomainConstraints>false</useDomainConstraints>
<use>1</use>
<logicalDatatype>LOGDT019</logicalDatatype>
<ownDataTypeParameters>,,</ownDataTypeParameters>
<previousColumn>false</previousColumn>
<autoIncrementCycle>false</autoIncrementCycle>
<associations>
<colAssociation fkAssociation="D5657100-5F04-54E9-875C-9FEDE1C4B31C" referredColumn="C10DF5EA-9CF2-53F6-CC62-02333C3F2B4D"/>
</associations>
</Column>
<Column name="ENDERECO_COD_ENDERECO" id="CC8CF5BE-1157-077D-6CC4-2ED31412C93D">
<createdBy>logonrmlocal</createdBy>
<createdTime>2023-11-22 00:22:35 UTC</createdTime>
<generatorID>464A2A58-6130-2ACB-2397-4F3AB36840C6</generatorID>
<ownerDesignName>database</ownerDesignName>
<useDomainConstraints>false</useDomainConstraints>
<use>1</use>
<logicalDatatype>LOGDT019</logicalDatatype>
<ownDataTypeParameters>,,</ownDataTypeParameters>
<previousColumn>false</previousColumn>
<autoIncrementCycle>false</autoIncrementCycle>
<associations>
<colAssociation fkAssociation="1F5E637C-7EEE-803B-B395-E29A5A0D93E8" referredColumn="CBCAE8D2-B9A4-7674-B675-1F6AC0BC9F0D"/>
</associations>
</Column>
</columns>
<indexes itemClass="oracle.dbtools.crest.model.design.relational.Index">
<ind_PK_UK id="11C85C11-3A7C-125C-23E5-6435B9139290" name="BAIRRO_PK">
<createdBy>logonrmlocal</createdBy>
<createdTime>2023-11-22 00:22:35 UTC</createdTime>
<generatorID>0DC30ABE-7324-EFA7-FDCC-5385D9A64B10</generatorID>
<ownerDesignName>database</ownerDesignName>
<pk>true</pk>
<indexState>Primary Constraint</indexState>
<isSurrogateKey>false</isSurrogateKey>
<indexColumnUsage>
<colUsage columnID="518C6DE6-3842-5E7A-3657-4A43DBDB2101"/>
</indexColumnUsage>
</ind_PK_UK>
<ind_PK_UK id="8011B2C5-7160-893E-845D-0DD42C3F72A1" name="BAIRRO_ENDERECO_FK">
<createdBy>logonrmlocal</createdBy>
<createdTime>2023-11-22 00:22:35 UTC</createdTime>
<generatorID>D6AC6C88-03C4-02C9-543F-484520DD4D84</generatorID>
<ownerDesignName>database</ownerDesignName>
<indexState>Foreign Key</indexState>
<isSurrogateKey>false</isSurrogateKey>
<indexColumnUsage>
<colUsage columnID="CC8CF5BE-1157-077D-6CC4-2ED31412C93D"/>
</indexColumnUsage>
</ind_PK_UK>
<ind_PK_UK id="C9C92C51-D4D8-452A-DBD9-4504F82F88CA" name="BAIRRO_CIDADE_FK">
<createdBy>logonrmlocal</createdBy>
<createdTime>2023-11-22 00:22:35 UTC</createdTime>
<generatorID>1DC06CDE-C814-9F3A-EAA9-FFFDD05E351F</generatorID>
<ownerDesignName>database</ownerDesignName>
<indexState>Foreign Key</indexState>
<isSurrogateKey>false</isSurrogateKey>
<indexColumnUsage>
<colUsage columnID="904D2E83-7A21-E4EB-3A41-3172169A4FB8"/>
</indexColumnUsage>
</ind_PK_UK>
</indexes>
</Table>
