<?xml version = '1.0' encoding = 'UTF-8'?>
<Table class="oracle.dbtools.crest.model.design.relational.Table" directorySegmentName="seg_0" id="F5867130-D31D-53B1-3CDE-15E471DD3744" name="DIAGNOSTICO">
<createdBy>logonrmlocal</createdBy>
<createdTime>2023-11-22 00:22:35 UTC</createdTime>
<generatorID>D1413585-F327-9623-4067-6821801E4268</generatorID>
<ownerDesignName>database</ownerDesignName>
<allowColumnReorder>false</allowColumnReorder>
<existDependencyGenerateInDDl>true</existDependencyGenerateInDDl>
<parsed>true</parsed>
<columns itemClass="oracle.dbtools.crest.model.design.relational.Column">
<Column name="COD_DIAGNOSTICO" id="797B2E09-8A95-49D9-F337-91DBF37E86E0">
<createdBy>logonrmlocal</createdBy>
<createdTime>2023-11-22 00:22:35 UTC</createdTime>
<generatorID>1E797C23-3820-1E4E-4AC5-35A7BB073867</generatorID>
<ownerDesignName>database</ownerDesignName>
<useDomainConstraints>false</useDomainConstraints>
<use>1</use>
<logicalDatatype>LOGDT019</logicalDatatype>
<ownDataTypeParameters>,,</ownDataTypeParameters>
<autoIncrementCycle>false</autoIncrementCycle>
</Column>
<Column name="QUESTIONARIO_COD_QUESTIONARIO" id="B7434B66-D217-9902-C26E-1736D8CDE176">
<createdBy>logonrmlocal</createdBy>
<createdTime>2023-11-22 00:22:35 UTC</createdTime>
<generatorID>15C5B163-74C7-D54C-23EE-18BBC79C2714</generatorID>
<ownerDesignName>database</ownerDesignName>
<useDomainConstraints>false</useDomainConstraints>
<use>1</use>
<logicalDatatype>LOGDT019</logicalDatatype>
<ownDataTypeParameters>,,</ownDataTypeParameters>
<previousColumn>false</previousColumn>
<autoIncrementCycle>false</autoIncrementCycle>
<associations>
<colAssociation fkAssociation="3F7A6C4C-4690-433E-FD4C-06409C0A07C4" referredColumn="D1013D1B-CDAC-B105-EA2C-AFAB72C66EE6"/>
</associations>
</Column>
<Column name="DATA_GERACAO" id="325A97A1-1DB3-1B7C-9E79-5DBF166FB38B">
<createdBy>logonrmlocal</createdBy>
<createdTime>2023-11-22 00:22:35 UTC</createdTime>
<generatorID>C6F474AA-2246-6D0A-DA53-CBD4FA483081</generatorID>
<ownerDesignName>database</ownerDesignName>
<nullsAllowed>true</nullsAllowed>
<useDomainConstraints>false</useDomainConstraints>
<use>1</use>
<logicalDatatype>LOGDT007</logicalDatatype>
<ownDataTypeParameters>,,</ownDataTypeParameters>
<autoIncrementCycle>false</autoIncrementCycle>
</Column>
<Column name="RESULTADO" id="693FB147-8115-021C-60D8-03427A5A60F1">
<createdBy>logonrmlocal</createdBy>
<createdTime>2023-11-22 00:22:35 UTC</createdTime>
<generatorID>F63284ED-5FF1-7F1C-A9FA-2D65CD011811</generatorID>
<ownerDesignName>database</ownerDesignName>
<nullsAllowed>true</nullsAllowed>
<useDomainConstraints>false</useDomainConstraints>
<use>1</use>
<logicalDatatype>LOGDT024</logicalDatatype>
<dataTypeSize>200</dataTypeSize>
<ownDataTypeParameters>200,,</ownDataTypeParameters>
<autoIncrementCycle>false</autoIncrementCycle>
</Column>
<Column name="OBSERVACAO" id="D8240E65-F8B3-4A15-5204-245D524121A1">
<createdBy>logonrmlocal</createdBy>
<createdTime>2023-11-22 00:22:35 UTC</createdTime>
<generatorID>6DDD199A-4363-6111-73C7-72549E5BDAB8</generatorID>
<ownerDesignName>database</ownerDesignName>
<nullsAllowed>true</nullsAllowed>
<useDomainConstraints>false</useDomainConstraints>
<use>1</use>
<logicalDatatype>LOGDT024</logicalDatatype>
<dataTypeSize>30</dataTypeSize>
<ownDataTypeParameters>30,,</ownDataTypeParameters>
<autoIncrementCycle>false</autoIncrementCycle>
</Column>
<Column name="SEGMENTO_ACAO" id="7E5FB1D5-EFBE-D4B5-5966-E7B6E600CCDB">
<createdBy>logonrmlocal</createdBy>
<createdTime>2023-11-22 00:22:35 UTC</createdTime>
<generatorID>2E271338-8150-2436-F103-AEBBC7AD4159</generatorID>
<ownerDesignName>database</ownerDesignName>
<nullsAllowed>true</nullsAllowed>
<useDomainConstraints>false</useDomainConstraints>
<use>1</use>
<logicalDatatype>LOGDT024</logicalDatatype>
<dataTypeSize>30</dataTypeSize>
<ownDataTypeParameters>30,,</ownDataTypeParameters>
<autoIncrementCycle>false</autoIncrementCycle>
</Column>
</columns>
<indexes itemClass="oracle.dbtools.crest.model.design.relational.Index">
<ind_PK_UK id="179C3650-4D10-1666-10FD-70A05891A281" name="DIAGNOSTICO_PK">
<createdBy>logonrmlocal</createdBy>
<createdTime>2023-11-22 00:22:35 UTC</createdTime>
<generatorID>F3CAF66B-7571-4F11-CB82-4A6052376928</generatorID>
<ownerDesignName>database</ownerDesignName>
<pk>true</pk>
<indexState>Primary Constraint</indexState>
<isSurrogateKey>false</isSurrogateKey>
<indexColumnUsage>
<colUsage columnID="797B2E09-8A95-49D9-F337-91DBF37E86E0"/>
</indexColumnUsage>
</ind_PK_UK>
<ind_PK_UK id="60B4934A-1FE0-3229-8AEF-CEE68FB039F8" name="DIAGNOSTICO__IDX">
<createdBy>logonrmlocal</createdBy>
<createdTime>2023-11-22 00:22:35 UTC</createdTime>
<ownerDesignName>database</ownerDesignName>
<indexState>Unique Plain Index</indexState>
<isSurrogateKey>false</isSurrogateKey>
<relationGeneratorID>29AA0982-B200-5EEA-1FE0-3AE2865AA749</relationGeneratorID>
<indexColumnUsage>
<colUsage columnID="B7434B66-D217-9902-C26E-1736D8CDE176"/>
</indexColumnUsage>
</ind_PK_UK>
<ind_PK_UK id="10ADF32C-9AF5-D900-7B6E-43801DE2CC45" name="DIAGNOSTICO_QUESTIONARIO_FK">
<createdBy>logonrmlocal</createdBy>
<createdTime>2023-11-22 00:22:35 UTC</createdTime>
<generatorID>29AA0982-B200-5EEA-1FE0-3AE2865AA749</generatorID>
<ownerDesignName>database</ownerDesignName>
<indexState>Foreign Key</indexState>
<isSurrogateKey>false</isSurrogateKey>
<indexColumnUsage>
<colUsage columnID="B7434B66-D217-9902-C26E-1736D8CDE176"/>
</indexColumnUsage>
</ind_PK_UK>
</indexes>
</Table>
