<?xml version = '1.0' encoding = 'UTF-8'?>
<Diagram class="oracle.dbtools.crest.swingui.logical.DPVLogical" name="Logical" id="905A96F8-4DE4-9100-01DA-7734B4118738">
<createdBy>logonrmlocal</createdBy>
<modifiedBy>logonrmlocal</modifiedBy>
<createdTime>2023-11-09 22:47:15 UTC</createdTime>
<autoRoute>false</autoRoute>
<boxInbox>true</boxInbox>
<showLegend>false</showLegend>
<showLabels>false</showLabels>
<showRelAttributes>false</showRelAttributes>
<gridEnabled>false</gridEnabled>
<showGrid>false</showGrid>
<diagramColor>-1</diagramColor>
<display>false</display>
<notation>2</notation>
<objectViews>
<OView class="oracle.dbtools.crest.swingui.logical.TVEntity" oid="00A86A7D-827D-2692-47F7-227DEBF15C60" otype="Entity" vid="EA86A0E3-1CDD-4373-30BC-90C66F6C7CF8">
<hideElementsInCurrentOnly>false</hideElementsInCurrentOnly>
<bounds x="589" y="423" width="241" height="91"/>
</OView>
<OView class="oracle.dbtools.crest.swingui.logical.TVEntity" oid="04E96B87-DA09-0732-2E85-0358C8066FFB" otype="Entity" vid="E6BB1C34-0002-3EB9-9299-92FCEAA1E311">
<hideElementsInCurrentOnly>false</hideElementsInCurrentOnly>
<bounds x="597" y="1" width="195" height="110"/>
</OView>
<OView class="oracle.dbtools.crest.swingui.logical.TVEntity" oid="06FECAB1-A925-3C88-628E-127A193D3BD8" otype="Entity" vid="4B26D2DE-9A17-F91D-5DB3-E50DEF0A057C">
<hideElementsInCurrentOnly>false</hideElementsInCurrentOnly>
<bounds x="266" y="722" width="248" height="110"/>
</OView>
<OView class="oracle.dbtools.crest.swingui.logical.TVEntity" oid="1F73F9C5-2855-FA69-7F0A-00E267BEDA99" otype="Entity" vid="BB6037FA-59BA-D14A-925F-F487A7517EF9">
<hideElementsInCurrentOnly>false</hideElementsInCurrentOnly>
<bounds x="283" y="229" width="170" height="78"/>
</OView>
<OView class="oracle.dbtools.crest.swingui.logical.TVEntity" oid="42F428E3-FF00-5FFC-894F-F8A30897BCFE" otype="Entity" vid="80DF7577-C82C-6B71-2074-C3D87EF5067A">
<hideElementsInCurrentOnly>false</hideElementsInCurrentOnly>
<bounds x="262" y="361" width="198" height="78"/>
</OView>
<OView class="oracle.dbtools.crest.swingui.logical.TVEntity" oid="43BBF320-6BE0-15E0-A548-A7D7D203A0B0" otype="Entity" vid="C6AAE1ED-B46A-A8D0-EF7E-EA361CDC2D11">
<hideElementsInCurrentOnly>false</hideElementsInCurrentOnly>
<bounds x="37" y="235" width="208" height="107"/>
</OView>
<OView class="oracle.dbtools.crest.swingui.logical.TVEntity" oid="50C6FE04-57CE-DD1F-EAE4-2365BD5F5D4E" otype="Entity" vid="A787B064-A87C-227C-69A6-E7B2A3498B73">
<hideElementsInCurrentOnly>false</hideElementsInCurrentOnly>
<bounds x="1187" y="430" width="233" height="153"/>
</OView>
<OView class="oracle.dbtools.crest.swingui.logical.TVEntity" oid="82F252B5-D380-E436-AD4C-40D9550FCB47" otype="Entity" vid="2979C364-5B8E-0E5F-42F1-93B388360771">
<hideElementsInCurrentOnly>false</hideElementsInCurrentOnly>
<bounds x="45" y="409" width="198" height="102"/>
</OView>
<OView class="oracle.dbtools.crest.swingui.logical.TVEntity" oid="88ECB9F3-C74A-EB0E-2EB9-689B421BB846" otype="Entity" vid="654025FB-821D-9BFC-42D2-AFDB15E83109">
<hideElementsInCurrentOnly>false</hideElementsInCurrentOnly>
<bounds x="52" y="720" width="195" height="76"/>
</OView>
<OView class="oracle.dbtools.crest.swingui.logical.TVEntity" oid="9AB1AA3B-7CB8-AA2F-D90A-0BA9D157F1C2" otype="Entity" vid="BA627C18-9672-3C54-C0E9-09D88753E3AF">
<hideElementsInCurrentOnly>false</hideElementsInCurrentOnly>
<bounds x="562" y="201" width="204" height="87"/>
</OView>
<OView class="oracle.dbtools.crest.swingui.logical.TVEntity" oid="A4B37ED9-6ECC-52C7-07AE-C5FC6177E350" otype="Entity" vid="81C768AB-E912-6E35-C160-4403A531147C">
<hideElementsInCurrentOnly>false</hideElementsInCurrentOnly>
<bounds x="36" y="34" width="213" height="141"/>
</OView>
<OView class="oracle.dbtools.crest.swingui.logical.TVEntity" oid="A702071B-07D3-42FD-09C8-F3F559AB7881" otype="Entity" vid="67BDA05F-9C56-BD3A-23FB-8DB4CC6DD2A0">
<hideElementsInCurrentOnly>false</hideElementsInCurrentOnly>
<bounds x="51" y="568" width="193" height="91"/>
</OView>
<OView class="oracle.dbtools.crest.swingui.logical.TVEntity" oid="AE4B44B4-ADC9-6032-1365-2D1DA3E5FB3B" otype="Entity" vid="7C12B710-F035-EBAE-A7E4-09DF4F5940A1">
<hideElementsInCurrentOnly>false</hideElementsInCurrentOnly>
<bounds x="1524" y="679" width="243" height="151"/>
</OView>
<OView class="oracle.dbtools.crest.swingui.logical.TVEntity" oid="C2F3F7A1-5554-4218-09F5-FBD472D84967" otype="Entity" vid="2E7C3185-E76E-C74F-F2D2-49DF66A1CAB1">
<hideElementsInCurrentOnly>false</hideElementsInCurrentOnly>
<bounds x="788" y="679" width="303" height="161"/>
</OView>
<OView class="oracle.dbtools.crest.swingui.logical.TVEntity" oid="C4B93E6D-60C7-C8B9-4D2A-3CD502A78EB5" otype="Entity" vid="2F97EB39-4B4F-FE66-549E-6AF588FEE1BE">
<hideElementsInCurrentOnly>false</hideElementsInCurrentOnly>
<bounds x="1465" y="286" width="260" height="110"/>
</OView>
<OView class="oracle.dbtools.crest.swingui.logical.TVEntity" oid="D1413585-F327-9623-4067-6821801E4268" otype="Entity" vid="19101CFA-AC64-0E2F-E158-19FAEE5DB6F2">
<hideElementsInCurrentOnly>false</hideElementsInCurrentOnly>
<bounds x="949" y="196" width="228" height="134"/>
</OView>
<OView class="oracle.dbtools.crest.swingui.logical.TVEntity" oid="D52931D0-F0A1-682E-9615-6F14A9150F44" otype="Entity" vid="B7635CD2-2F27-F549-2287-3BD870EFB5CA">
<hideElementsInCurrentOnly>false</hideElementsInCurrentOnly>
<bounds x="348" y="13" width="209" height="160"/>
</OView>
<OView class="oracle.dbtools.crest.swingui.logical.TVEntity" oid="E73055E2-3ACE-D59C-8F8B-959542CADC88" otype="Entity" vid="F547AACB-EAE8-38DC-505F-AD357E7343B4">
<hideElementsInCurrentOnly>false</hideElementsInCurrentOnly>
<bounds x="534" y="713" width="216" height="118"/>
</OView>
<OView class="oracle.dbtools.crest.swingui.logical.TVEntity" oid="EC1B9CC6-E805-2F98-D333-B0005248B1D5" otype="Entity" vid="A3D54297-B8D9-3F4D-97E6-6C76F7EFB7BB">
<hideElementsInCurrentOnly>false</hideElementsInCurrentOnly>
<bounds x="902" y="499" width="255" height="133"/>
<useDefaultColor>false</useDefaultColor>
<backgroundColor>-205</backgroundColor>
<foregroundColor>-16776961</foregroundColor>
</OView>
</objectViews>
<connectors>
<Connector class="oracle.dbtools.crest.swingui.logical.TVRelation" oid="19F4117D-3FDE-A6D6-AEBD-2A3D466666E4" otype="Relation" vid_source="80DF7577-C82C-6B71-2074-C3D87EF5067A" vid_target="4B26D2DE-9A17-F91D-5DB3-E50DEF0A057C">
<hideElementsInCurrentOnly>false</hideElementsInCurrentOnly>
<backgroundColor>-16777216</backgroundColor>
<lineWidth>1</lineWidth>
<points>
<point x="363" y="439"/>
<point x="363" y="722"/>
</points>
</Connector>
<Connector class="oracle.dbtools.crest.swingui.logical.TVRelation" oid="1DC06CDE-C814-9F3A-EAA9-FFFDD05E351F" otype="Relation" vid_source="2979C364-5B8E-0E5F-42F1-93B388360771" vid_target="C6AAE1ED-B46A-A8D0-EF7E-EA361CDC2D11">
<hideElementsInCurrentOnly>false</hideElementsInCurrentOnly>
<backgroundColor>-16777216</backgroundColor>
<lineWidth>1</lineWidth>
<points>
<point x="144" y="409"/>
<point x="144" y="342"/>
</points>
</Connector>
<Connector class="oracle.dbtools.crest.swingui.logical.TVRelation" oid="20838D4A-E478-70D7-6A04-A52CEAB23726" otype="Relation" vid_source="EA86A0E3-1CDD-4373-30BC-90C66F6C7CF8" vid_target="A787B064-A87C-227C-69A6-E7B2A3498B73">
<hideElementsInCurrentOnly>false</hideElementsInCurrentOnly>
<backgroundColor>-16777216</backgroundColor>
<lineWidth>1</lineWidth>
<points>
<point x="830" y="472"/>
<point x="1187" y="472"/>
</points>
</Connector>
<Connector class="oracle.dbtools.crest.swingui.logical.TVRelation" oid="26760B62-7D99-A2F6-826E-C8664F16312B" otype="Relation" vid_source="BB6037FA-59BA-D14A-925F-F487A7517EF9" vid_target="80DF7577-C82C-6B71-2074-C3D87EF5067A">
<hideElementsInCurrentOnly>false</hideElementsInCurrentOnly>
<backgroundColor>-16777216</backgroundColor>
<lineWidth>1</lineWidth>
<points>
<point x="368" y="307"/>
<point x="368" y="361"/>
</points>
</Connector>
<Connector class="oracle.dbtools.crest.swingui.logical.TVRelation" oid="2750F36F-8550-8781-9926-CBA89A6F33AE" otype="Relation" vid_source="80DF7577-C82C-6B71-2074-C3D87EF5067A" vid_target="2E7C3185-E76E-C74F-F2D2-49DF66A1CAB1">
<hideElementsInCurrentOnly>false</hideElementsInCurrentOnly>
<backgroundColor>-16777216</backgroundColor>
<lineWidth>1</lineWidth>
<points>
<point x="423" y="439"/>
<point x="809" y="679"/>
</points>
</Connector>
<Connector class="oracle.dbtools.crest.swingui.logical.TVRelation" oid="5BA52756-B0C1-4B17-8EBB-9B0FBC39F354" otype="Relation" vid_source="BB6037FA-59BA-D14A-925F-F487A7517EF9" vid_target="B7635CD2-2F27-F549-2287-3BD870EFB5CA">
<hideElementsInCurrentOnly>false</hideElementsInCurrentOnly>
<backgroundColor>-16777216</backgroundColor>
<lineWidth>1</lineWidth>
<points>
<point x="400" y="229"/>
<point x="400" y="173"/>
</points>
</Connector>
<Connector class="oracle.dbtools.crest.swingui.logical.TVRelation" oid="6F2FFBD7-B73C-4F4E-6F99-79FE663F6CB9" otype="Relation" vid_source="80DF7577-C82C-6B71-2074-C3D87EF5067A" vid_target="F547AACB-EAE8-38DC-505F-AD357E7343B4">
<hideElementsInCurrentOnly>false</hideElementsInCurrentOnly>
<backgroundColor>-16777216</backgroundColor>
<lineWidth>1</lineWidth>
<points>
<point x="390" y="439"/>
<point x="597" y="713"/>
</points>
</Connector>
<Connector class="oracle.dbtools.crest.swingui.logical.TVRelation" oid="7EAA318D-A632-2173-273D-189AC691E13E" otype="Relation" vid_source="BA627C18-9672-3C54-C0E9-09D88753E3AF" vid_target="BB6037FA-59BA-D14A-925F-F487A7517EF9">
<hideElementsInCurrentOnly>false</hideElementsInCurrentOnly>
<backgroundColor>-16777216</backgroundColor>
<lineWidth>1</lineWidth>
<points>
<point x="562" y="258"/>
<point x="453" y="258"/>
</points>
</Connector>
<Connector class="oracle.dbtools.crest.swingui.logical.TVRelation" oid="A21E5E0A-FDAD-2FBE-C2D8-CDF2B5D8195F" otype="Relation" vid_source="67BDA05F-9C56-BD3A-23FB-8DB4CC6DD2A0" vid_target="2979C364-5B8E-0E5F-42F1-93B388360771">
<hideElementsInCurrentOnly>false</hideElementsInCurrentOnly>
<backgroundColor>-16777216</backgroundColor>
<lineWidth>1</lineWidth>
<points>
<point x="147" y="568"/>
<point x="147" y="511"/>
</points>
</Connector>
<Connector class="oracle.dbtools.crest.swingui.logical.TVRelation" oid="B8AFEFBA-1357-B50B-3721-26ECD1975F26" otype="Relation" vid_source="2E7C3185-E76E-C74F-F2D2-49DF66A1CAB1" vid_target="A3D54297-B8D9-3F4D-97E6-6C76F7EFB7BB">
<hideElementsInCurrentOnly>false</hideElementsInCurrentOnly>
<backgroundColor>-16777216</backgroundColor>
<lineWidth>1</lineWidth>
<points>
<point x="981" y="679"/>
<point x="981" y="632"/>
</points>
</Connector>
<Connector class="oracle.dbtools.crest.swingui.logical.TVRelation" oid="BE6FF75A-09D0-6258-006C-063655A43627" otype="Relation" vid_source="EA86A0E3-1CDD-4373-30BC-90C66F6C7CF8" vid_target="A3D54297-B8D9-3F4D-97E6-6C76F7EFB7BB">
<hideElementsInCurrentOnly>false</hideElementsInCurrentOnly>
<backgroundColor>-16777216</backgroundColor>
<lineWidth>1</lineWidth>
<points>
<point x="830" y="506"/>
<point x="902" y="506"/>
</points>
</Connector>
<Connector class="oracle.dbtools.crest.swingui.logical.TVRelation" oid="C1C407F1-75AD-F6D5-857E-04EF60B0B5E8" otype="Relation" vid_source="B7635CD2-2F27-F549-2287-3BD870EFB5CA" vid_target="E6BB1C34-0002-3EB9-9299-92FCEAA1E311">
<hideElementsInCurrentOnly>false</hideElementsInCurrentOnly>
<backgroundColor>-16777216</backgroundColor>
<lineWidth>1</lineWidth>
<points>
<point x="557" y="62"/>
<point x="597" y="62"/>
</points>
</Connector>
<Connector class="oracle.dbtools.crest.swingui.logical.TVRelation" oid="C5DFDACC-297E-B730-16C2-31DF5FB1670C" otype="Relation" vid_source="654025FB-821D-9BFC-42D2-AFDB15E83109" vid_target="67BDA05F-9C56-BD3A-23FB-8DB4CC6DD2A0">
<hideElementsInCurrentOnly>false</hideElementsInCurrentOnly>
<backgroundColor>-16777216</backgroundColor>
<lineWidth>1</lineWidth>
<points>
<point x="148" y="720"/>
<point x="148" y="659"/>
</points>
</Connector>
<Connector class="oracle.dbtools.crest.swingui.logical.TVRelation" oid="CE686D74-C49C-FAF6-6E29-A0FA725AD98F" otype="Relation" vid_source="A787B064-A87C-227C-69A6-E7B2A3498B73" vid_target="19101CFA-AC64-0E2F-E158-19FAEE5DB6F2">
<hideElementsInCurrentOnly>false</hideElementsInCurrentOnly>
<backgroundColor>-16777216</backgroundColor>
<lineWidth>1</lineWidth>
<points>
<point x="1227" y="430"/>
<point x="1129" y="330"/>
</points>
</Connector>
<Connector class="oracle.dbtools.crest.swingui.logical.TVRelation" oid="DD858B7E-A577-5B0E-CFD2-E71B90A3F622" otype="Relation" vid_source="BB6037FA-59BA-D14A-925F-F487A7517EF9" vid_target="EA86A0E3-1CDD-4373-30BC-90C66F6C7CF8">
<hideElementsInCurrentOnly>false</hideElementsInCurrentOnly>
<backgroundColor>-16777216</backgroundColor>
<lineWidth>1</lineWidth>
<points>
<point x="434" y="307"/>
<point x="632" y="423"/>
</points>
</Connector>
<Connector class="oracle.dbtools.crest.swingui.logical.TVRelation" oid="DF805A2C-F770-6776-A97F-75B6EB7BF25F" otype="Relation" vid_source="B7635CD2-2F27-F549-2287-3BD870EFB5CA" vid_target="81C768AB-E912-6E35-C160-4403A531147C">
<hideElementsInCurrentOnly>false</hideElementsInCurrentOnly>
<backgroundColor>-16777216</backgroundColor>
<lineWidth>1</lineWidth>
<points>
<point x="348" y="103"/>
<point x="249" y="103"/>
</points>
</Connector>
<Connector class="oracle.dbtools.crest.swingui.logical.TVRelation" oid="E1428753-DD10-4912-BC1C-14F38A0E2A90" otype="Relation" vid_source="C6AAE1ED-B46A-A8D0-EF7E-EA361CDC2D11" vid_target="81C768AB-E912-6E35-C160-4403A531147C">
<hideElementsInCurrentOnly>false</hideElementsInCurrentOnly>
<backgroundColor>-16777216</backgroundColor>
<lineWidth>1</lineWidth>
<points>
<point x="156" y="235"/>
<point x="156" y="175"/>
</points>
</Connector>
<Connector class="oracle.dbtools.crest.swingui.logical.TVRelation" oid="E78FF7FA-0D5F-A805-B8DE-2FB4242956C9" otype="Relation" vid_source="19101CFA-AC64-0E2F-E158-19FAEE5DB6F2" vid_target="2F97EB39-4B4F-FE66-549E-6AF588FEE1BE">
<hideElementsInCurrentOnly>false</hideElementsInCurrentOnly>
<backgroundColor>-16777216</backgroundColor>
<lineWidth>1</lineWidth>
<points>
<point x="1177" y="308"/>
<point x="1465" y="308"/>
</points>
</Connector>
<Connector class="oracle.dbtools.crest.swingui.logical.TVRelation" oid="ED3C70A9-0C1A-66F8-5F19-C03FF2867BC4" otype="Relation" vid_source="7C12B710-F035-EBAE-A7E4-09DF4F5940A1" vid_target="A787B064-A87C-227C-69A6-E7B2A3498B73">
<hideElementsInCurrentOnly>false</hideElementsInCurrentOnly>
<backgroundColor>-16777216</backgroundColor>
<lineWidth>1</lineWidth>
<points>
<point x="1541" y="679"/>
<point x="1408" y="583"/>
</points>
</Connector>
<Connector class="oracle.dbtools.crest.swingui.logical.TVRelation" oid="FB84CABD-CEF6-E5D1-934F-8A700ED93339" otype="Relation" vid_source="80DF7577-C82C-6B71-2074-C3D87EF5067A" vid_target="19101CFA-AC64-0E2F-E158-19FAEE5DB6F2">
<hideElementsInCurrentOnly>false</hideElementsInCurrentOnly>
<backgroundColor>-16777216</backgroundColor>
<lineWidth>1</lineWidth>
<points>
<point x="460" y="380"/>
<point x="949" y="285"/>
</points>
</Connector>
</connectors>
</Diagram>
