<?xml version = '1.0' encoding = 'UTF-8'?>
<Table class="oracle.dbtools.crest.model.design.relational.Table" directorySegmentName="seg_0" id="49A3CBCF-A95B-E6F6-16A7-2CC63F2162FD" name="CIDADE">
<createdBy>matpi</createdBy>
<createdTime>2023-11-30 23:15:53 UTC</createdTime>
<generatorID>82F252B5-D380-E436-AD4C-40D9550FCB47</generatorID>
<ownerDesignName>database</ownerDesignName>
<allowColumnReorder>false</allowColumnReorder>
<existDependencyGenerateInDDl>true</existDependencyGenerateInDDl>
<parsed>true</parsed>
<columns itemClass="oracle.dbtools.crest.model.design.relational.Column">
<Column name="COD_CIDADE" id="88BB01D7-78AA-CB5A-971C-8E62AB1C417D">
<createdBy>matpi</createdBy>
<createdTime>2023-11-30 23:15:53 UTC</createdTime>
<generatorID>BF568FE1-7B70-542B-278B-ED606E7386F4</generatorID>
<ownerDesignName>database</ownerDesignName>
<useDomainConstraints>false</useDomainConstraints>
<use>1</use>
<logicalDatatype>LOGDT019</logicalDatatype>
<ownDataTypeParameters>,,</ownDataTypeParameters>
<autoIncrementCycle>false</autoIncrementCycle>
</Column>
<Column name="NOME" id="0C129BDC-10A3-8DD9-48BD-E44DCAABAC36">
<createdBy>matpi</createdBy>
<createdTime>2023-11-30 23:15:53 UTC</createdTime>
<generatorID>3054B72F-E5FB-E4C4-0387-EEF02F6521DE</generatorID>
<ownerDesignName>database</ownerDesignName>
<nullsAllowed>true</nullsAllowed>
<useDomainConstraints>false</useDomainConstraints>
<use>1</use>
<logicalDatatype>LOGDT024</logicalDatatype>
<dataTypeSize>30</dataTypeSize>
<ownDataTypeParameters>30,,</ownDataTypeParameters>
<autoIncrementCycle>false</autoIncrementCycle>
</Column>
<Column name="ESTADO_COD_ESTADO" id="EFA0D410-0431-A513-1882-30A53CD3C3E5">
<createdBy>matpi</createdBy>
<createdTime>2023-11-30 23:15:53 UTC</createdTime>
<generatorID>621C4729-459F-9592-958E-9CE6D24B6932</generatorID>
<ownerDesignName>database</ownerDesignName>
<useDomainConstraints>false</useDomainConstraints>
<use>1</use>
<logicalDatatype>LOGDT019</logicalDatatype>
<ownDataTypeParameters>,,</ownDataTypeParameters>
<previousColumn>false</previousColumn>
<autoIncrementCycle>false</autoIncrementCycle>
<associations>
<colAssociation fkAssociation="7609DF27-D83F-5995-DDE3-5409938BA06F" referredColumn="C5AC3103-987B-637B-D6E0-EAD6817D8F52"/>
</associations>
</Column>
<Column name="COD_IBGE" id="53C22A5A-BFF6-2985-D7F1-0A7DA80BAF7A">
<createdBy>matpi</createdBy>
<createdTime>2023-11-30 23:15:53 UTC</createdTime>
<generatorID>2EA00E10-A880-C445-306F-563F147D23B6</generatorID>
<ownerDesignName>database</ownerDesignName>
<nullsAllowed>true</nullsAllowed>
<useDomainConstraints>false</useDomainConstraints>
<use>1</use>
<logicalDatatype>LOGDT019</logicalDatatype>
<ownDataTypeParameters>,,</ownDataTypeParameters>
<autoIncrementCycle>false</autoIncrementCycle>
</Column>
</columns>
<indexes itemClass="oracle.dbtools.crest.model.design.relational.Index">
<ind_PK_UK id="35919A59-18DB-E3DC-D163-03668A22738E" name="CIDADE_PK">
<createdBy>matpi</createdBy>
<createdTime>2023-11-30 23:15:53 UTC</createdTime>
<generatorID>49BC0E5E-501F-81F8-B0A9-4A107F018C7F</generatorID>
<ownerDesignName>database</ownerDesignName>
<pk>true</pk>
<indexState>Primary Constraint</indexState>
<isSurrogateKey>false</isSurrogateKey>
<indexColumnUsage>
<colUsage columnID="88BB01D7-78AA-CB5A-971C-8E62AB1C417D"/>
</indexColumnUsage>
</ind_PK_UK>
<ind_PK_UK id="80DB2F66-B7CF-6254-2424-A42AF2C3ABFF" name="CIDADE_ESTADO_FK">
<createdBy>matpi</createdBy>
<createdTime>2023-11-30 23:15:53 UTC</createdTime>
<generatorID>A21E5E0A-FDAD-2FBE-C2D8-CDF2B5D8195F</generatorID>
<ownerDesignName>database</ownerDesignName>
<indexState>Foreign Key</indexState>
<isSurrogateKey>false</isSurrogateKey>
<indexColumnUsage>
<colUsage columnID="EFA0D410-0431-A513-1882-30A53CD3C3E5"/>
</indexColumnUsage>
</ind_PK_UK>
</indexes>
</Table>
