<?xml version = '1.0' encoding = 'UTF-8'?>
<Table class="oracle.dbtools.crest.model.design.relational.Table" directorySegmentName="seg_0" id="4D2A01A5-0C80-D70C-7E3E-B78FE460A0D4" name="ESPECIALIDADE">
<createdBy>matpi</createdBy>
<createdTime>2023-11-30 23:15:53 UTC</createdTime>
<generatorID>06FECAB1-A925-3C88-628E-127A193D3BD8</generatorID>
<ownerDesignName>database</ownerDesignName>
<allowColumnReorder>false</allowColumnReorder>
<existDependencyGenerateInDDl>true</existDependencyGenerateInDDl>
<parsed>true</parsed>
<columns itemClass="oracle.dbtools.crest.model.design.relational.Column">
<Column name="COD_ESPECIALIDADE" id="3314AD1A-A8D4-111D-016B-83BC73DF2B0D">
<createdBy>matpi</createdBy>
<createdTime>2023-11-30 23:15:53 UTC</createdTime>
<generatorID>EF673317-5009-6266-1C81-CC4F3B545220</generatorID>
<ownerDesignName>database</ownerDesignName>
<useDomainConstraints>false</useDomainConstraints>
<use>1</use>
<logicalDatatype>LOGDT019</logicalDatatype>
<ownDataTypeParameters>,,</ownDataTypeParameters>
<autoIncrementCycle>false</autoIncrementCycle>
</Column>
<Column name="ESPECIALIDADE" id="180079E6-A0CC-5B3F-69C3-75196C864667">
<createdBy>matpi</createdBy>
<createdTime>2023-11-30 23:15:53 UTC</createdTime>
<generatorID>31E6C27A-25E1-F997-AEA0-F0967DD6A593</generatorID>
<ownerDesignName>database</ownerDesignName>
<nullsAllowed>true</nullsAllowed>
<useDomainConstraints>false</useDomainConstraints>
<use>1</use>
<logicalDatatype>LOGDT024</logicalDatatype>
<dataTypeSize>50</dataTypeSize>
<ownDataTypeParameters>50,,</ownDataTypeParameters>
<autoIncrementCycle>false</autoIncrementCycle>
</Column>
<Column name="MEDICO_COD_MEDICO" id="069568E1-25DB-CC85-6B4F-1D5093B755D1">
<createdBy>matpi</createdBy>
<createdTime>2023-11-30 23:15:53 UTC</createdTime>
<generatorID>36861E1D-9E87-C064-16D7-85A892885479</generatorID>
<ownerDesignName>database</ownerDesignName>
<useDomainConstraints>false</useDomainConstraints>
<use>1</use>
<logicalDatatype>LOGDT019</logicalDatatype>
<ownDataTypeParameters>,,</ownDataTypeParameters>
<previousColumn>false</previousColumn>
<autoIncrementCycle>false</autoIncrementCycle>
<associations>
<colAssociation fkAssociation="03611A54-A1B2-2B0F-F022-1BBD16F955A0" referredColumn="20BD8FE1-58CE-675F-244F-DBABA6E1F639"/>
</associations>
</Column>
</columns>
<indexes itemClass="oracle.dbtools.crest.model.design.relational.Index">
<ind_PK_UK id="BDA8E860-2F56-535A-DC47-DD9C91351DDA" name="ESPECIALIDADE_PK">
<createdBy>matpi</createdBy>
<createdTime>2023-11-30 23:15:53 UTC</createdTime>
<generatorID>7FD12AF8-DF38-5A78-3A32-908F8E84B2E9</generatorID>
<ownerDesignName>database</ownerDesignName>
<pk>true</pk>
<indexState>Primary Constraint</indexState>
<isSurrogateKey>false</isSurrogateKey>
<indexColumnUsage>
<colUsage columnID="3314AD1A-A8D4-111D-016B-83BC73DF2B0D"/>
</indexColumnUsage>
</ind_PK_UK>
<ind_PK_UK id="9F112209-A4EB-A22D-BF7A-1A45579EDC52" name="ESPECIALIDADE_MEDICO_FK">
<createdBy>matpi</createdBy>
<createdTime>2023-11-30 23:15:53 UTC</createdTime>
<generatorID>19F4117D-3FDE-A6D6-AEBD-2A3D466666E4</generatorID>
<ownerDesignName>database</ownerDesignName>
<indexState>Foreign Key</indexState>
<isSurrogateKey>false</isSurrogateKey>
<indexColumnUsage>
<colUsage columnID="069568E1-25DB-CC85-6B4F-1D5093B755D1"/>
</indexColumnUsage>
</ind_PK_UK>
</indexes>
</Table>
