<?xml version = '1.0' encoding = 'UTF-8'?>
<Table class="oracle.dbtools.crest.model.design.relational.Table" directorySegmentName="seg_0" id="60FC9BE6-39C6-3969-3355-987BC1E8108B" name="DIAGNOSTICO">
<createdBy>matpi</createdBy>
<createdTime>2023-11-30 23:15:53 UTC</createdTime>
<generatorID>D1413585-F327-9623-4067-6821801E4268</generatorID>
<ownerDesignName>database</ownerDesignName>
<allowColumnReorder>false</allowColumnReorder>
<existDependencyGenerateInDDl>true</existDependencyGenerateInDDl>
<parsed>true</parsed>
<columns itemClass="oracle.dbtools.crest.model.design.relational.Column">
<Column name="COD_DIAGNOSTICO" id="94922380-2CAC-594D-E853-0F19B464A428">
<createdBy>matpi</createdBy>
<createdTime>2023-11-30 23:15:53 UTC</createdTime>
<generatorID>1E797C23-3820-1E4E-4AC5-35A7BB073867</generatorID>
<ownerDesignName>database</ownerDesignName>
<useDomainConstraints>false</useDomainConstraints>
<use>1</use>
<logicalDatatype>LOGDT019</logicalDatatype>
<ownDataTypeParameters>,,</ownDataTypeParameters>
<autoIncrementCycle>false</autoIncrementCycle>
</Column>
<Column name="DATA_GERACAO" id="156648FE-9D13-48C0-D386-D7134908B37C">
<createdBy>matpi</createdBy>
<createdTime>2023-11-30 23:15:53 UTC</createdTime>
<generatorID>C6F474AA-2246-6D0A-DA53-CBD4FA483081</generatorID>
<ownerDesignName>database</ownerDesignName>
<nullsAllowed>true</nullsAllowed>
<useDomainConstraints>false</useDomainConstraints>
<use>1</use>
<logicalDatatype>LOGDT007</logicalDatatype>
<ownDataTypeParameters>,,</ownDataTypeParameters>
<autoIncrementCycle>false</autoIncrementCycle>
</Column>
<Column name="RESULTADO" id="677EC23E-96DC-930C-37FD-853FB77AEA98">
<createdBy>matpi</createdBy>
<createdTime>2023-11-30 23:15:53 UTC</createdTime>
<generatorID>F63284ED-5FF1-7F1C-A9FA-2D65CD011811</generatorID>
<ownerDesignName>database</ownerDesignName>
<nullsAllowed>true</nullsAllowed>
<useDomainConstraints>false</useDomainConstraints>
<use>1</use>
<logicalDatatype>LOGDT024</logicalDatatype>
<dataTypeSize>200</dataTypeSize>
<ownDataTypeParameters>200,,</ownDataTypeParameters>
<autoIncrementCycle>false</autoIncrementCycle>
</Column>
<Column name="OBSERVACAO" id="D999F872-8922-7897-02A9-E25F84F082BE">
<createdBy>matpi</createdBy>
<createdTime>2023-11-30 23:15:53 UTC</createdTime>
<generatorID>6DDD199A-4363-6111-73C7-72549E5BDAB8</generatorID>
<ownerDesignName>database</ownerDesignName>
<nullsAllowed>true</nullsAllowed>
<useDomainConstraints>false</useDomainConstraints>
<use>1</use>
<logicalDatatype>LOGDT024</logicalDatatype>
<dataTypeSize>30</dataTypeSize>
<ownDataTypeParameters>30,,</ownDataTypeParameters>
<autoIncrementCycle>false</autoIncrementCycle>
</Column>
<Column name="SEGMENTO_ACAO" id="884AE367-29E5-77E5-D334-B97009EAED7B">
<createdBy>matpi</createdBy>
<createdTime>2023-11-30 23:15:53 UTC</createdTime>
<generatorID>2E271338-8150-2436-F103-AEBBC7AD4159</generatorID>
<ownerDesignName>database</ownerDesignName>
<nullsAllowed>true</nullsAllowed>
<useDomainConstraints>false</useDomainConstraints>
<use>1</use>
<logicalDatatype>LOGDT024</logicalDatatype>
<dataTypeSize>30</dataTypeSize>
<ownDataTypeParameters>30,,</ownDataTypeParameters>
<autoIncrementCycle>false</autoIncrementCycle>
</Column>
<Column name="TRIAGEM_COD_TRIAGEM" id="16A81C56-D9DF-8464-8262-420B70D1D616">
<createdBy>matpi</createdBy>
<createdTime>2023-11-30 23:15:53 UTC</createdTime>
<generatorID>A8128718-2F6E-6993-AF60-035CD03C31B7</generatorID>
<ownerDesignName>database</ownerDesignName>
<useDomainConstraints>false</useDomainConstraints>
<use>1</use>
<logicalDatatype>LOGDT019</logicalDatatype>
<ownDataTypeParameters>,,</ownDataTypeParameters>
<previousColumn>false</previousColumn>
<autoIncrementCycle>false</autoIncrementCycle>
<associations>
<colAssociation fkAssociation="1F1E3663-4D67-C134-C5BE-15B2967BF037" referredColumn="95D7317C-E5FA-EDC5-2B52-3D72976692AC"/>
</associations>
</Column>
<Column name="MEDICO_COD_MEDICO" id="85C00585-F33C-4080-CF82-CC7FBDCE331D">
<createdBy>matpi</createdBy>
<createdTime>2023-11-30 23:15:53 UTC</createdTime>
<generatorID>FFF367E0-9C4D-6CD6-7F6E-FF315BB41D02</generatorID>
<ownerDesignName>database</ownerDesignName>
<useDomainConstraints>false</useDomainConstraints>
<use>1</use>
<logicalDatatype>LOGDT019</logicalDatatype>
<ownDataTypeParameters>,,</ownDataTypeParameters>
<previousColumn>false</previousColumn>
<autoIncrementCycle>false</autoIncrementCycle>
<associations>
<colAssociation fkAssociation="19A07D31-E074-971E-88AB-9E38379331EC" referredColumn="20BD8FE1-58CE-675F-244F-DBABA6E1F639"/>
</associations>
</Column>
</columns>
<indexes itemClass="oracle.dbtools.crest.model.design.relational.Index">
<ind_PK_UK id="72FE056B-D076-AE2B-392A-AE5AC0CDF140" name="DIAGNOSTICO_PK">
<createdBy>matpi</createdBy>
<createdTime>2023-11-30 23:15:53 UTC</createdTime>
<generatorID>F3CAF66B-7571-4F11-CB82-4A6052376928</generatorID>
<ownerDesignName>database</ownerDesignName>
<pk>true</pk>
<indexState>Primary Constraint</indexState>
<isSurrogateKey>false</isSurrogateKey>
<indexColumnUsage>
<colUsage columnID="94922380-2CAC-594D-E853-0F19B464A428"/>
</indexColumnUsage>
</ind_PK_UK>
<ind_PK_UK id="4D5F66AF-62C0-C1F0-9001-381DE049FD6F" name="DIAGNOSTICO__IDX">
<createdBy>matpi</createdBy>
<createdTime>2023-11-30 23:15:53 UTC</createdTime>
<ownerDesignName>database</ownerDesignName>
<indexState>Unique Plain Index</indexState>
<isSurrogateKey>false</isSurrogateKey>
<relationGeneratorID>CE686D74-C49C-FAF6-6E29-A0FA725AD98F</relationGeneratorID>
<indexColumnUsage>
<colUsage columnID="16A81C56-D9DF-8464-8262-420B70D1D616"/>
</indexColumnUsage>
</ind_PK_UK>
<ind_PK_UK id="B4E9C92B-C71B-6C44-CEA6-244F3B12628D" name="DIAGNOSTICO_TRIAGEM_FK">
<createdBy>matpi</createdBy>
<createdTime>2023-11-30 23:15:53 UTC</createdTime>
<generatorID>CE686D74-C49C-FAF6-6E29-A0FA725AD98F</generatorID>
<ownerDesignName>database</ownerDesignName>
<indexState>Foreign Key</indexState>
<isSurrogateKey>false</isSurrogateKey>
<indexColumnUsage>
<colUsage columnID="16A81C56-D9DF-8464-8262-420B70D1D616"/>
</indexColumnUsage>
</ind_PK_UK>
<ind_PK_UK id="5E7EA6C7-0FA0-6D4B-74FA-38775951E56C" name="DIAGNOSTICO_MEDICO_FK">
<createdBy>matpi</createdBy>
<createdTime>2023-11-30 23:15:53 UTC</createdTime>
<generatorID>FB84CABD-CEF6-E5D1-934F-8A700ED93339</generatorID>
<ownerDesignName>database</ownerDesignName>
<indexState>Foreign Key</indexState>
<isSurrogateKey>false</isSurrogateKey>
<indexColumnUsage>
<colUsage columnID="85C00585-F33C-4080-CF82-CC7FBDCE331D"/>
</indexColumnUsage>
</ind_PK_UK>
</indexes>
</Table>
