<?xml version = '1.0' encoding = 'UTF-8'?>
<Table class="oracle.dbtools.crest.model.design.relational.Table" directorySegmentName="seg_0" id="A232965B-3531-90FF-8B30-E892278474E7" name="RECOMENDACAO">
<createdBy>matpi</createdBy>
<createdTime>2023-11-30 23:15:53 UTC</createdTime>
<generatorID>C4B93E6D-60C7-C8B9-4D2A-3CD502A78EB5</generatorID>
<ownerDesignName>database</ownerDesignName>
<allowColumnReorder>false</allowColumnReorder>
<existDependencyGenerateInDDl>true</existDependencyGenerateInDDl>
<parsed>true</parsed>
<columns itemClass="oracle.dbtools.crest.model.design.relational.Column">
<Column name="COD_RECOMENDACAO" id="04535729-389A-53FB-5AD7-743EA9552212">
<createdBy>matpi</createdBy>
<createdTime>2023-11-30 23:15:53 UTC</createdTime>
<generatorID>B03DC4EF-8F31-AD0B-ED7D-FF2C079B881F</generatorID>
<ownerDesignName>database</ownerDesignName>
<useDomainConstraints>false</useDomainConstraints>
<use>1</use>
<logicalDatatype>LOGDT019</logicalDatatype>
<ownDataTypeParameters>,,</ownDataTypeParameters>
<autoIncrementCycle>false</autoIncrementCycle>
</Column>
<Column name="RECOMENDACAO" id="9B938F0C-8FA0-C88A-3A9A-6CC0D38B5731">
<createdBy>matpi</createdBy>
<createdTime>2023-11-30 23:15:53 UTC</createdTime>
<generatorID>90D83CA5-41FA-91EA-9982-6BF2F2D7E835</generatorID>
<ownerDesignName>database</ownerDesignName>
<nullsAllowed>true</nullsAllowed>
<useDomainConstraints>false</useDomainConstraints>
<use>1</use>
<logicalDatatype>LOGDT024</logicalDatatype>
<dataTypeSize>30</dataTypeSize>
<ownDataTypeParameters>30,,</ownDataTypeParameters>
<autoIncrementCycle>false</autoIncrementCycle>
</Column>
<Column name="DIAGNOSTICO_COD_DIAGNOSTICO" id="80BCA92F-4D80-F068-E754-60D6C5CD794D">
<createdBy>matpi</createdBy>
<createdTime>2023-11-30 23:15:53 UTC</createdTime>
<generatorID>A4E4C24C-3120-FBB0-8C52-BB098B2EF470</generatorID>
<ownerDesignName>database</ownerDesignName>
<useDomainConstraints>false</useDomainConstraints>
<use>1</use>
<logicalDatatype>LOGDT019</logicalDatatype>
<ownDataTypeParameters>,,</ownDataTypeParameters>
<previousColumn>false</previousColumn>
<autoIncrementCycle>false</autoIncrementCycle>
<associations>
<colAssociation fkAssociation="BD7B37E3-8442-4F06-371A-51779C12D111" referredColumn="94922380-2CAC-594D-E853-0F19B464A428"/>
</associations>
</Column>
</columns>
<indexes itemClass="oracle.dbtools.crest.model.design.relational.Index">
<ind_PK_UK id="65B8834D-0C80-136C-E0D5-0A5B01EA249A" name="RECOMENDACAO_PK">
<createdBy>matpi</createdBy>
<createdTime>2023-11-30 23:15:53 UTC</createdTime>
<generatorID>3B50DE71-7DC2-8E6F-620B-D29E39C4204A</generatorID>
<ownerDesignName>database</ownerDesignName>
<pk>true</pk>
<indexState>Primary Constraint</indexState>
<isSurrogateKey>false</isSurrogateKey>
<indexColumnUsage>
<colUsage columnID="04535729-389A-53FB-5AD7-743EA9552212"/>
</indexColumnUsage>
</ind_PK_UK>
<ind_PK_UK id="A4452691-ABFB-D5A6-0890-BAF5E7499D3F" name="RECOMENDACAO_DIAGNOSTICO_FK">
<createdBy>matpi</createdBy>
<createdTime>2023-11-30 23:15:53 UTC</createdTime>
<generatorID>E78FF7FA-0D5F-A805-B8DE-2FB4242956C9</generatorID>
<ownerDesignName>database</ownerDesignName>
<indexState>Foreign Key</indexState>
<isSurrogateKey>false</isSurrogateKey>
<indexColumnUsage>
<colUsage columnID="80BCA92F-4D80-F068-E754-60D6C5CD794D"/>
</indexColumnUsage>
</ind_PK_UK>
</indexes>
</Table>
