<?xml version = '1.0' encoding = 'UTF-8'?>
<Table class="oracle.dbtools.crest.model.design.relational.Table" directorySegmentName="seg_0" id="C6C24EE2-AD28-1F49-7BF4-16460D54D4C3" name="AGENDA_MEDICO">
<createdBy>matpi</createdBy>
<createdTime>2023-11-30 23:15:53 UTC</createdTime>
<generatorID>C2F3F7A1-5554-4218-09F5-FBD472D84967</generatorID>
<ownerDesignName>database</ownerDesignName>
<allowColumnReorder>false</allowColumnReorder>
<existDependencyGenerateInDDl>true</existDependencyGenerateInDDl>
<parsed>true</parsed>
<columns itemClass="oracle.dbtools.crest.model.design.relational.Column">
<Column name="COD_AGENDA" id="B273749A-0E83-8544-5BBE-FB0F648E2505">
<createdBy>matpi</createdBy>
<createdTime>2023-11-30 23:15:53 UTC</createdTime>
<generatorID>210093E6-26CA-CEFE-0A6A-CA206F82BEDA</generatorID>
<ownerDesignName>database</ownerDesignName>
<useDomainConstraints>false</useDomainConstraints>
<use>1</use>
<logicalDatatype>LOGDT019</logicalDatatype>
<ownDataTypeParameters>,,</ownDataTypeParameters>
<autoIncrementCycle>false</autoIncrementCycle>
</Column>
<Column name="DATA_DISPONIBILIDADE" id="2F06508B-CE88-9E0F-383B-4838BB45E749">
<createdBy>matpi</createdBy>
<createdTime>2023-11-30 23:15:53 UTC</createdTime>
<generatorID>AD3E2225-EA88-42ED-1686-BE63A4BFAFF3</generatorID>
<ownerDesignName>database</ownerDesignName>
<nullsAllowed>true</nullsAllowed>
<useDomainConstraints>false</useDomainConstraints>
<use>1</use>
<logicalDatatype>LOGDT007</logicalDatatype>
<ownDataTypeParameters>,,</ownDataTypeParameters>
<autoIncrementCycle>false</autoIncrementCycle>
</Column>
<Column name="HORA_INICIO_DISPONIBILIDADE" id="D4EFBDAB-ED81-0DEE-5240-DFF07D324B6B">
<createdBy>matpi</createdBy>
<createdTime>2023-11-30 23:15:53 UTC</createdTime>
<generatorID>ABB68828-A0EA-BE75-65FA-BCB200A328B8</generatorID>
<ownerDesignName>database</ownerDesignName>
<nullsAllowed>true</nullsAllowed>
<useDomainConstraints>false</useDomainConstraints>
<use>1</use>
<logicalDatatype>LOGDT014</logicalDatatype>
<ownDataTypeParameters>,,</ownDataTypeParameters>
<autoIncrementCycle>false</autoIncrementCycle>
</Column>
<Column name="HORA_TERMINO_DISPONIBILIDADE" id="A48A3BDF-DB81-2C53-7A4E-FD14A106BA6E">
<createdBy>matpi</createdBy>
<createdTime>2023-11-30 23:15:53 UTC</createdTime>
<generatorID>22AF7147-F0DE-862B-6082-68B8E9176D5B</generatorID>
<ownerDesignName>database</ownerDesignName>
<nullsAllowed>true</nullsAllowed>
<useDomainConstraints>false</useDomainConstraints>
<use>1</use>
<logicalDatatype>LOGDT014</logicalDatatype>
<ownDataTypeParameters>,,</ownDataTypeParameters>
<autoIncrementCycle>false</autoIncrementCycle>
</Column>
<Column name="STATUS_DISPONIBILIDADE" id="6BC09CF3-B4E2-5B18-AF29-651FABF6E38D">
<createdBy>matpi</createdBy>
<createdTime>2023-11-30 23:15:53 UTC</createdTime>
<generatorID>46F12651-2B1C-9957-BB64-56821758DDA3</generatorID>
<ownerDesignName>database</ownerDesignName>
<nullsAllowed>true</nullsAllowed>
<useDomainConstraints>false</useDomainConstraints>
<use>1</use>
<logicalDatatype>LOGDT024</logicalDatatype>
<dataTypeSize>20</dataTypeSize>
<ownDataTypeParameters>20,,</ownDataTypeParameters>
<autoIncrementCycle>false</autoIncrementCycle>
</Column>
<Column name="INTERVALO" id="8A7F80D9-3916-1F0E-BDBF-7D4F0257BA35">
<createdBy>matpi</createdBy>
<createdTime>2023-11-30 23:15:53 UTC</createdTime>
<generatorID>2ADDA2DC-B555-530D-F5FA-F66A7B5AD3D8</generatorID>
<ownerDesignName>database</ownerDesignName>
<nullsAllowed>true</nullsAllowed>
<useDomainConstraints>false</useDomainConstraints>
<use>1</use>
<logicalDatatype>LOGDT014</logicalDatatype>
<ownDataTypeParameters>,,</ownDataTypeParameters>
<autoIncrementCycle>false</autoIncrementCycle>
</Column>
<Column name="MEDICO_COD_MEDICO" id="D6779209-1F70-4908-0CFE-F758A3A2DAE7">
<createdBy>matpi</createdBy>
<createdTime>2023-11-30 23:15:53 UTC</createdTime>
<generatorID>85FFCBFB-7BC1-939A-D667-20C18FD3AE0F</generatorID>
<ownerDesignName>database</ownerDesignName>
<useDomainConstraints>false</useDomainConstraints>
<use>1</use>
<logicalDatatype>LOGDT019</logicalDatatype>
<ownDataTypeParameters>,,</ownDataTypeParameters>
<previousColumn>false</previousColumn>
<autoIncrementCycle>false</autoIncrementCycle>
<associations>
<colAssociation fkAssociation="A2FDADA5-EDB7-696A-9DA1-FBB8E1B75ECA" referredColumn="20BD8FE1-58CE-675F-244F-DBABA6E1F639"/>
</associations>
</Column>
</columns>
<indexes itemClass="oracle.dbtools.crest.model.design.relational.Index">
<ind_PK_UK id="895517A2-25CA-F2DF-B54B-C717527A02AF" name="AGENDA_MEDICO_PK">
<createdBy>matpi</createdBy>
<createdTime>2023-11-30 23:15:53 UTC</createdTime>
<generatorID>E341C74D-3A5F-DC1D-4EAA-0FAA633A8917</generatorID>
<ownerDesignName>database</ownerDesignName>
<pk>true</pk>
<indexState>Primary Constraint</indexState>
<isSurrogateKey>false</isSurrogateKey>
<indexColumnUsage>
<colUsage columnID="B273749A-0E83-8544-5BBE-FB0F648E2505"/>
</indexColumnUsage>
</ind_PK_UK>
<ind_PK_UK id="E02006BD-3239-B57F-B26D-9751ECEBD24F" name="AGENDA_MEDICO__IDX">
<createdBy>matpi</createdBy>
<createdTime>2023-11-30 23:15:53 UTC</createdTime>
<ownerDesignName>database</ownerDesignName>
<indexState>Unique Plain Index</indexState>
<isSurrogateKey>false</isSurrogateKey>
<relationGeneratorID>2750F36F-8550-8781-9926-CBA89A6F33AE</relationGeneratorID>
<indexColumnUsage>
<colUsage columnID="D6779209-1F70-4908-0CFE-F758A3A2DAE7"/>
</indexColumnUsage>
</ind_PK_UK>
<ind_PK_UK id="F4086735-79F6-5FD6-01F4-C353EDB653E4" name="AGENDA_MEDICO_MEDICO_FK">
<createdBy>matpi</createdBy>
<createdTime>2023-11-30 23:15:53 UTC</createdTime>
<generatorID>2750F36F-8550-8781-9926-CBA89A6F33AE</generatorID>
<ownerDesignName>database</ownerDesignName>
<indexState>Foreign Key</indexState>
<isSurrogateKey>false</isSurrogateKey>
<indexColumnUsage>
<colUsage columnID="D6779209-1F70-4908-0CFE-F758A3A2DAE7"/>
</indexColumnUsage>
</ind_PK_UK>
</indexes>
</Table>
