<?xml version = '1.0' encoding = 'UTF-8'?>
<Table class="oracle.dbtools.crest.model.design.relational.Table" directorySegmentName="seg_0" id="E1F92504-A0D6-8F45-CE32-AF81FE69BC68" name="ENDERECO">
<createdBy>matpi</createdBy>
<createdTime>2023-11-30 23:15:53 UTC</createdTime>
<generatorID>A4B37ED9-6ECC-52C7-07AE-C5FC6177E350</generatorID>
<ownerDesignName>database</ownerDesignName>
<allowColumnReorder>false</allowColumnReorder>
<existDependencyGenerateInDDl>true</existDependencyGenerateInDDl>
<parsed>true</parsed>
<columns itemClass="oracle.dbtools.crest.model.design.relational.Column">
<Column name="COD_ENDERECO" id="BFB4B8C4-2BCD-6167-8D07-B031CD1D4C91">
<createdBy>matpi</createdBy>
<createdTime>2023-11-30 23:15:53 UTC</createdTime>
<generatorID>7D9DDABA-75EB-DC79-9CEE-26983EA6B72B</generatorID>
<ownerDesignName>database</ownerDesignName>
<useDomainConstraints>false</useDomainConstraints>
<use>1</use>
<logicalDatatype>LOGDT019</logicalDatatype>
<ownDataTypeParameters>,,</ownDataTypeParameters>
<autoIncrementCycle>false</autoIncrementCycle>
</Column>
<Column name="CEP" id="F89F6177-F767-1F34-0911-60A98540A5AF">
<createdBy>matpi</createdBy>
<createdTime>2023-11-30 23:15:53 UTC</createdTime>
<generatorID>433D870C-451B-2EAD-1146-64D424443F70</generatorID>
<ownerDesignName>database</ownerDesignName>
<nullsAllowed>true</nullsAllowed>
<useDomainConstraints>false</useDomainConstraints>
<use>1</use>
<logicalDatatype>LOGDT019</logicalDatatype>
<ownDataTypeParameters>,,</ownDataTypeParameters>
<autoIncrementCycle>false</autoIncrementCycle>
</Column>
<Column name="LOGRADOURO" id="D7D60856-43D1-B936-249A-B8CF7810FCA0">
<createdBy>matpi</createdBy>
<createdTime>2023-11-30 23:15:53 UTC</createdTime>
<generatorID>60BA7C3C-DEF4-0257-7B82-729A657EE7D5</generatorID>
<ownerDesignName>database</ownerDesignName>
<nullsAllowed>true</nullsAllowed>
<useDomainConstraints>false</useDomainConstraints>
<use>1</use>
<logicalDatatype>LOGDT024</logicalDatatype>
<dataTypeSize>30</dataTypeSize>
<ownDataTypeParameters>30,,</ownDataTypeParameters>
<autoIncrementCycle>false</autoIncrementCycle>
</Column>
<Column name="NUMERO" id="9E9196B8-7ACC-17F8-16E7-CEDE3F38D20F">
<createdBy>matpi</createdBy>
<createdTime>2023-11-30 23:15:53 UTC</createdTime>
<generatorID>496C2FA8-D673-3CF6-3FD4-5569739FAEF4</generatorID>
<ownerDesignName>database</ownerDesignName>
<nullsAllowed>true</nullsAllowed>
<useDomainConstraints>false</useDomainConstraints>
<use>1</use>
<logicalDatatype>LOGDT019</logicalDatatype>
<ownDataTypeParameters>,,</ownDataTypeParameters>
<autoIncrementCycle>false</autoIncrementCycle>
</Column>
<Column name="COMPLEMENTO" id="39527B55-12DA-E5DE-DE77-0982E6419E44">
<createdBy>matpi</createdBy>
<createdTime>2023-11-30 23:15:53 UTC</createdTime>
<generatorID>A631930D-F388-1085-1163-2C98327315E5</generatorID>
<ownerDesignName>database</ownerDesignName>
<nullsAllowed>true</nullsAllowed>
<useDomainConstraints>false</useDomainConstraints>
<use>1</use>
<logicalDatatype>LOGDT024</logicalDatatype>
<dataTypeSize>30</dataTypeSize>
<ownDataTypeParameters>30,,</ownDataTypeParameters>
<autoIncrementCycle>false</autoIncrementCycle>
</Column>
<Column name="PESSOA_COD_PESSOA" id="D405BA81-1505-E76B-C7BE-6A280182BE73">
<createdBy>matpi</createdBy>
<createdTime>2023-11-30 23:15:53 UTC</createdTime>
<generatorID>C6E0FA4C-4B6E-6CC5-61E7-2C30F67FC0FE</generatorID>
<ownerDesignName>database</ownerDesignName>
<useDomainConstraints>false</useDomainConstraints>
<use>1</use>
<logicalDatatype>LOGDT019</logicalDatatype>
<ownDataTypeParameters>,,</ownDataTypeParameters>
<previousColumn>false</previousColumn>
<autoIncrementCycle>false</autoIncrementCycle>
<associations>
<colAssociation fkAssociation="BCF36307-C0E1-2B87-717C-16EF881854E3" referredColumn="98307684-9B46-9FE1-8BCB-8428DBE7B496"/>
</associations>
</Column>
<Column name="BAIRRO_COD_BAIRRO" id="97B071C0-BA03-FFA2-3ED8-2517B631823A">
<createdBy>matpi</createdBy>
<createdTime>2023-11-30 23:15:53 UTC</createdTime>
<generatorID>629C61F5-3CC5-0FF0-0CB2-0E3666A5E715</generatorID>
<ownerDesignName>database</ownerDesignName>
<useDomainConstraints>false</useDomainConstraints>
<use>1</use>
<logicalDatatype>LOGDT019</logicalDatatype>
<ownDataTypeParameters>,,</ownDataTypeParameters>
<previousColumn>false</previousColumn>
<autoIncrementCycle>false</autoIncrementCycle>
<associations>
<colAssociation fkAssociation="33D6B653-8105-E5A6-1135-CCC608EEE700" referredColumn="723A1A22-06C4-D401-79D8-AD7DB823C06D"/>
</associations>
</Column>
</columns>
<indexes itemClass="oracle.dbtools.crest.model.design.relational.Index">
<ind_PK_UK id="52AB904D-54EC-1E4F-86B4-9B0E9FBFAF29" name="ENDERECO_PK">
<createdBy>matpi</createdBy>
<createdTime>2023-11-30 23:15:53 UTC</createdTime>
<generatorID>A503DE7C-E413-8D0E-1E80-961FEE073076</generatorID>
<ownerDesignName>database</ownerDesignName>
<pk>true</pk>
<indexState>Primary Constraint</indexState>
<isSurrogateKey>false</isSurrogateKey>
<indexColumnUsage>
<colUsage columnID="BFB4B8C4-2BCD-6167-8D07-B031CD1D4C91"/>
</indexColumnUsage>
</ind_PK_UK>
<ind_PK_UK id="359AAD2E-ADC4-D30A-4329-AAD241D1CB10" name="ENDERECO_PESSOA_FK">
<createdBy>matpi</createdBy>
<createdTime>2023-11-30 23:15:53 UTC</createdTime>
<generatorID>DF805A2C-F770-6776-A97F-75B6EB7BF25F</generatorID>
<ownerDesignName>database</ownerDesignName>
<indexState>Foreign Key</indexState>
<isSurrogateKey>false</isSurrogateKey>
<indexColumnUsage>
<colUsage columnID="D405BA81-1505-E76B-C7BE-6A280182BE73"/>
</indexColumnUsage>
</ind_PK_UK>
<ind_PK_UK id="9D6E0A79-A289-3E1D-5BA0-796F0AA97C41" name="ENDERECO_BAIRRO_FK">
<createdBy>matpi</createdBy>
<createdTime>2023-11-30 23:15:53 UTC</createdTime>
<generatorID>E1428753-DD10-4912-BC1C-14F38A0E2A90</generatorID>
<ownerDesignName>database</ownerDesignName>
<indexState>Foreign Key</indexState>
<isSurrogateKey>false</isSurrogateKey>
<indexColumnUsage>
<colUsage columnID="97B071C0-BA03-FFA2-3ED8-2517B631823A"/>
</indexColumnUsage>
</ind_PK_UK>
</indexes>
</Table>
