<?xml version = '1.0' encoding = 'UTF-8'?>
<Diagram class="oracle.dbtools.crest.swingui.relational.DPVRelational" name="Relational_1" id="5F438800-1DF3-65F0-2219-606C0CDA91B1">
<createdBy>logonrmlocal</createdBy>
<modifiedBy>logonrmlocal</modifiedBy>
<createdTime>2023-11-30 23:21:28 UTC</createdTime>
<autoRoute>false</autoRoute>
<boxInbox>true</boxInbox>
<showLegend>false</showLegend>
<showLabels>false</showLabels>
<showRelAttributes>false</showRelAttributes>
<gridEnabled>false</gridEnabled>
<showGrid>false</showGrid>
<diagramColor>-1</diagramColor>
<display>false</display>
<notation>1</notation>
<objectViews>
<OView class="oracle.dbtools.crest.swingui.relational.TVTable" oid="01BDF406-5400-6603-5BF9-23A7CCE79D1F" otype="Table" vid="25566106-7125-A38C-265B-9D65FC244A86">
<hideElementsInCurrentOnly>false</hideElementsInCurrentOnly>
<bounds x="608" y="34" width="195" height="110"/>
</OView>
<OView class="oracle.dbtools.crest.swingui.relational.TVTable" oid="085889A6-7D16-1938-064C-DE553024C89E" otype="Table" vid="16884449-A3C4-1310-6B92-537300078D2D">
<hideElementsInCurrentOnly>false</hideElementsInCurrentOnly>
<bounds x="550" y="181" width="188" height="73"/>
</OView>
<OView class="oracle.dbtools.crest.swingui.relational.TVTable" oid="0AB5525D-287F-790B-34CC-2B1C352460C7" otype="Table" vid="EE184BB3-9EBD-DB02-64F9-05F6FFD25193">
<hideElementsInCurrentOnly>false</hideElementsInCurrentOnly>
<bounds x="283" y="236" width="173" height="91"/>
</OView>
<OView class="oracle.dbtools.crest.swingui.relational.TVTable" oid="0C6098CA-485B-9673-3361-8BEEC1F89EB7" otype="Table" vid="9C0F3C94-D799-3862-B846-39569F5A6D97">
<hideElementsInCurrentOnly>false</hideElementsInCurrentOnly>
<bounds x="483" y="656" width="214" height="110"/>
</OView>
<OView class="oracle.dbtools.crest.swingui.relational.TVTable" oid="2099B2B7-BD8E-A571-E6D2-E8AA3A1C6D5A" otype="Table" vid="FC7780D3-1A2F-A9B7-D80E-867FDB239581">
<hideElementsInCurrentOnly>false</hideElementsInCurrentOnly>
<bounds x="10" y="578" width="177" height="87"/>
</OView>
<OView class="oracle.dbtools.crest.swingui.relational.TVTable" oid="49E22EAB-1977-751F-C751-4EC6315CFD6A" otype="Table" vid="A0E4E96A-FC44-95ED-AA4F-BBCF1840EC07">
<hideElementsInCurrentOnly>false</hideElementsInCurrentOnly>
<bounds x="18" y="19" width="203" height="147"/>
</OView>
<OView class="oracle.dbtools.crest.swingui.relational.TVTable" oid="61948C12-D71D-EA14-5C24-E3D60933A683" otype="Table" vid="6ED6DF4C-19DF-D81E-0CDA-4D49CE8EA675">
<hideElementsInCurrentOnly>false</hideElementsInCurrentOnly>
<bounds x="14" y="240" width="191" height="83"/>
</OView>
<OView class="oracle.dbtools.crest.swingui.relational.TVTable" oid="6D31B02A-2F90-C318-A22D-913967BF0DBA" otype="Table" vid="6AC92FB4-9EC1-45DA-2545-516F83C20624">
<hideElementsInCurrentOnly>false</hideElementsInCurrentOnly>
<bounds x="11" y="397" width="187" height="99"/>
</OView>
<OView class="oracle.dbtools.crest.swingui.relational.TVTable" oid="7D0EB587-F8C2-91DB-9E20-E0F498092A2E" otype="Table" vid="889A421E-2CB5-4AFB-0C11-CB28782F2AAE">
<hideElementsInCurrentOnly>false</hideElementsInCurrentOnly>
<bounds x="768" y="660" width="290" height="139"/>
</OView>
<OView class="oracle.dbtools.crest.swingui.relational.TVTable" oid="AB9C8E77-FA1F-AC92-6A2D-1FBED895BD93" otype="Table" vid="17E40EE9-ED04-CF32-C19E-785C4F083B10">
<hideElementsInCurrentOnly>false</hideElementsInCurrentOnly>
<bounds x="902" y="499" width="440" height="141"/>
<useDefaultColor>false</useDefaultColor>
<backgroundColor>-205</backgroundColor>
<foregroundColor>-16776961</foregroundColor>
</OView>
<OView class="oracle.dbtools.crest.swingui.relational.TVTable" oid="AFFF0493-4770-C6B5-92CC-D5520C534CDB" otype="Table" vid="67D73A54-8773-756B-1287-2A6BE0AE4EC0">
<hideElementsInCurrentOnly>false</hideElementsInCurrentOnly>
<bounds x="882" y="121" width="228" height="134"/>
</OView>
<OView class="oracle.dbtools.crest.swingui.relational.TVTable" oid="B982FB20-979C-A683-5F41-A294FBF994AB" otype="Table" vid="F620034A-0F51-1C09-C634-1A7736065139">
<hideElementsInCurrentOnly>false</hideElementsInCurrentOnly>
<bounds x="572" y="415" width="233" height="100"/>
</OView>
<OView class="oracle.dbtools.crest.swingui.relational.TVTable" oid="C3229445-ACA5-6089-C2CB-AE23D563203E" otype="Table" vid="FA85E4B2-B856-8B68-5AE7-C233BB43066D">
<hideElementsInCurrentOnly>false</hideElementsInCurrentOnly>
<bounds x="256" y="413" width="198" height="78"/>
</OView>
<OView class="oracle.dbtools.crest.swingui.relational.TVTable" oid="CA3569DF-253E-76A6-874F-F50A5DB3F044" otype="Table" vid="574A8EC5-4907-E64A-CE21-AC9B585BCC84">
<hideElementsInCurrentOnly>false</hideElementsInCurrentOnly>
<bounds x="1123" y="314" width="233" height="137"/>
</OView>
<OView class="oracle.dbtools.crest.swingui.relational.TVTable" oid="CDD15C89-C43B-7C82-E48C-12F7F2C6FC14" otype="Table" vid="7E572A34-2B62-721F-3581-3BD96AB7C5F7">
<hideElementsInCurrentOnly>false</hideElementsInCurrentOnly>
<bounds x="1253" y="178" width="260" height="90"/>
</OView>
<OView class="oracle.dbtools.crest.swingui.relational.TVTable" oid="E1C0709D-6254-8BAC-B5D8-E6E3B32921A0" otype="Table" vid="CDFB887D-4657-0380-BDF9-789D66596815">
<hideElementsInCurrentOnly>false</hideElementsInCurrentOnly>
<bounds x="1427" y="332" width="241" height="142"/>
</OView>
<OView class="oracle.dbtools.crest.swingui.relational.TVTable" oid="F26C2FC0-A446-D113-3F88-D16146945735" otype="Table" vid="D6E07EF8-9651-AE55-D28B-A9F3EDFF195D">
<hideElementsInCurrentOnly>false</hideElementsInCurrentOnly>
<bounds x="317" y="13" width="209" height="160"/>
</OView>
<OView class="oracle.dbtools.crest.swingui.relational.TVTable" oid="FAF950EF-EC46-4D99-6980-711D6C9F2289" otype="Table" vid="31FF3C6A-F1A0-B652-2227-DDD89E2B40CD">
<hideElementsInCurrentOnly>false</hideElementsInCurrentOnly>
<bounds x="217" y="602" width="242" height="87"/>
</OView>
<OView class="oracle.dbtools.crest.swingui.relational.TVTable" oid="FD2E5B52-A0DE-2193-0037-305A69D06B92" otype="Table" vid="7890DB43-683A-5DE3-0E85-5C2C9BCF23C1">
<hideElementsInCurrentOnly>false</hideElementsInCurrentOnly>
<bounds x="9" y="736" width="177" height="76"/>
</OView>
</objectViews>
<connectors>
<Connector class="oracle.dbtools.crest.swingui.relational.TVFKRelation" oid="032A2561-A26B-8CA7-D3C4-9065A9E65961" otype="FKIndexAssociation" vid_source="6AC92FB4-9EC1-45DA-2545-516F83C20624" vid_target="6ED6DF4C-19DF-D81E-0CDA-4D49CE8EA675">
<hideElementsInCurrentOnly>false</hideElementsInCurrentOnly>
<backgroundColor>-16777216</backgroundColor>
<lineWidth>1</lineWidth>
<points>
<point x="106" y="397"/>
<point x="106" y="323"/>
</points>
</Connector>
<Connector class="oracle.dbtools.crest.swingui.relational.TVFKRelation" oid="20A4968C-5886-1493-E645-63989070CCA4" otype="FKIndexAssociation" vid_source="FA85E4B2-B856-8B68-5AE7-C233BB43066D" vid_target="889A421E-2CB5-4AFB-0C11-CB28782F2AAE">
<hideElementsInCurrentOnly>false</hideElementsInCurrentOnly>
<backgroundColor>-16777216</backgroundColor>
<lineWidth>1</lineWidth>
<points>
<point x="433" y="491"/>
<point x="773" y="660"/>
</points>
</Connector>
<Connector class="oracle.dbtools.crest.swingui.relational.TVFKRelation" oid="2DC58AB7-3529-0C0A-3A6B-6559DEE09031" otype="FKIndexAssociation" vid_source="F620034A-0F51-1C09-C634-1A7736065139" vid_target="574A8EC5-4907-E64A-CE21-AC9B585BCC84">
<hideElementsInCurrentOnly>false</hideElementsInCurrentOnly>
<backgroundColor>-16777216</backgroundColor>
<lineWidth>1</lineWidth>
<points>
<point x="805" y="433"/>
<point x="1123" y="433"/>
</points>
</Connector>
<Connector class="oracle.dbtools.crest.swingui.relational.TVFKRelation" oid="310AD1EA-16EC-6038-1FAC-E43894FE3A57" otype="FKIndexAssociation" vid_source="67D73A54-8773-756B-1287-2A6BE0AE4EC0" vid_target="7E572A34-2B62-721F-3581-3BD96AB7C5F7">
<hideElementsInCurrentOnly>false</hideElementsInCurrentOnly>
<backgroundColor>-16777216</backgroundColor>
<lineWidth>1</lineWidth>
<points>
<point x="1110" y="216"/>
<point x="1253" y="216"/>
</points>
</Connector>
<Connector class="oracle.dbtools.crest.swingui.relational.TVFKRelation" oid="33C365B4-4D20-72B2-5C98-F251E8A7513B" otype="FKIndexAssociation" vid_source="CDFB887D-4657-0380-BDF9-789D66596815" vid_target="574A8EC5-4907-E64A-CE21-AC9B585BCC84">
<hideElementsInCurrentOnly>false</hideElementsInCurrentOnly>
<backgroundColor>-16777216</backgroundColor>
<lineWidth>1</lineWidth>
<points>
<point x="1427" y="391"/>
<point x="1356" y="391"/>
</points>
</Connector>
<Connector class="oracle.dbtools.crest.swingui.relational.TVFKRelation" oid="35991129-566E-02E1-7058-1611A4BBE042" otype="FKIndexAssociation" vid_source="FA85E4B2-B856-8B68-5AE7-C233BB43066D" vid_target="31FF3C6A-F1A0-B652-2227-DDD89E2B40CD">
<hideElementsInCurrentOnly>false</hideElementsInCurrentOnly>
<backgroundColor>-16777216</backgroundColor>
<lineWidth>1</lineWidth>
<points>
<point x="355" y="491"/>
<point x="355" y="602"/>
</points>
</Connector>
<Connector class="oracle.dbtools.crest.swingui.relational.TVFKRelation" oid="36B58C69-D0BB-C9B3-ACB5-AD13869C0D62" otype="FKIndexAssociation" vid_source="FA85E4B2-B856-8B68-5AE7-C233BB43066D" vid_target="67D73A54-8773-756B-1287-2A6BE0AE4EC0">
<hideElementsInCurrentOnly>false</hideElementsInCurrentOnly>
<backgroundColor>-16777216</backgroundColor>
<lineWidth>1</lineWidth>
<points>
<point x="449" y="413"/>
<point x="882" y="234"/>
</points>
</Connector>
<Connector class="oracle.dbtools.crest.swingui.relational.TVFKRelation" oid="37983777-ED79-FE39-637D-C112D7404536" otype="FKIndexAssociation" vid_source="7890DB43-683A-5DE3-0E85-5C2C9BCF23C1" vid_target="FC7780D3-1A2F-A9B7-D80E-867FDB239581">
<hideElementsInCurrentOnly>false</hideElementsInCurrentOnly>
<backgroundColor>-16777216</backgroundColor>
<lineWidth>1</lineWidth>
<points>
<point x="98" y="736"/>
<point x="98" y="665"/>
</points>
</Connector>
<Connector class="oracle.dbtools.crest.swingui.relational.TVFKRelation" oid="4D6CE6E7-BA13-A3C6-2224-4B3C8FC61429" otype="FKIndexAssociation" vid_source="574A8EC5-4907-E64A-CE21-AC9B585BCC84" vid_target="67D73A54-8773-756B-1287-2A6BE0AE4EC0">
<hideElementsInCurrentOnly>false</hideElementsInCurrentOnly>
<backgroundColor>-16777216</backgroundColor>
<lineWidth>1</lineWidth>
<points>
<point x="1153" y="314"/>
<point x="1049" y="255"/>
</points>
</Connector>
<Connector class="oracle.dbtools.crest.swingui.relational.TVFKRelation" oid="7B74787F-400F-558A-8ED5-4BE3D3C983DB" otype="FKIndexAssociation" vid_source="D6E07EF8-9651-AE55-D28B-A9F3EDFF195D" vid_target="A0E4E96A-FC44-95ED-AA4F-BBCF1840EC07">
<hideElementsInCurrentOnly>false</hideElementsInCurrentOnly>
<backgroundColor>-16777216</backgroundColor>
<lineWidth>1</lineWidth>
<points>
<point x="317" y="92"/>
<point x="221" y="92"/>
</points>
</Connector>
<Connector class="oracle.dbtools.crest.swingui.relational.TVFKRelation" oid="8CE53B73-3518-BB4C-5704-CE97631A7849" otype="FKIndexAssociation" vid_source="EE184BB3-9EBD-DB02-64F9-05F6FFD25193" vid_target="D6E07EF8-9651-AE55-D28B-A9F3EDFF195D">
<hideElementsInCurrentOnly>false</hideElementsInCurrentOnly>
<backgroundColor>-16777216</backgroundColor>
<lineWidth>1</lineWidth>
<points>
<point x="386" y="236"/>
<point x="386" y="173"/>
</points>
</Connector>
<Connector class="oracle.dbtools.crest.swingui.relational.TVFKRelation" oid="A51AACE2-EFE1-B72D-5B79-71A52C5C4C84" otype="FKIndexAssociation" vid_source="D6E07EF8-9651-AE55-D28B-A9F3EDFF195D" vid_target="25566106-7125-A38C-265B-9D65FC244A86">
<hideElementsInCurrentOnly>false</hideElementsInCurrentOnly>
<backgroundColor>-16777216</backgroundColor>
<lineWidth>1</lineWidth>
<points>
<point x="526" y="89"/>
<point x="608" y="89"/>
</points>
</Connector>
<Connector class="oracle.dbtools.crest.swingui.relational.TVFKRelation" oid="BC6F61DE-23F6-489E-E838-6F6C1C8E9A60" otype="FKIndexAssociation" vid_source="889A421E-2CB5-4AFB-0C11-CB28782F2AAE" vid_target="17E40EE9-ED04-CF32-C19E-785C4F083B10">
<hideElementsInCurrentOnly>false</hideElementsInCurrentOnly>
<backgroundColor>-16777216</backgroundColor>
<lineWidth>1</lineWidth>
<points>
<point x="980" y="660"/>
<point x="980" y="640"/>
</points>
</Connector>
<Connector class="oracle.dbtools.crest.swingui.relational.TVFKRelation" oid="C3FD2CA7-0E3A-EAAD-EE6D-7D539D25F6A1" otype="FKIndexAssociation" vid_source="EE184BB3-9EBD-DB02-64F9-05F6FFD25193" vid_target="FA85E4B2-B856-8B68-5AE7-C233BB43066D">
<hideElementsInCurrentOnly>false</hideElementsInCurrentOnly>
<backgroundColor>-16777216</backgroundColor>
<lineWidth>1</lineWidth>
<points>
<point x="368" y="327"/>
<point x="368" y="413"/>
</points>
</Connector>
<Connector class="oracle.dbtools.crest.swingui.relational.TVFKRelation" oid="C85408BA-40DF-97F3-D2CB-3CE3D29FCBCD" otype="FKIndexAssociation" vid_source="FC7780D3-1A2F-A9B7-D80E-867FDB239581" vid_target="6AC92FB4-9EC1-45DA-2545-516F83C20624">
<hideElementsInCurrentOnly>false</hideElementsInCurrentOnly>
<backgroundColor>-16777216</backgroundColor>
<lineWidth>1</lineWidth>
<points>
<point x="99" y="578"/>
<point x="99" y="496"/>
</points>
</Connector>
<Connector class="oracle.dbtools.crest.swingui.relational.TVFKRelation" oid="D0817B51-9962-E467-1439-E8F40E1E1725" otype="FKIndexAssociation" vid_source="FA85E4B2-B856-8B68-5AE7-C233BB43066D" vid_target="9C0F3C94-D799-3862-B846-39569F5A6D97">
<hideElementsInCurrentOnly>false</hideElementsInCurrentOnly>
<backgroundColor>-16777216</backgroundColor>
<lineWidth>1</lineWidth>
<points>
<point x="390" y="491"/>
<point x="540" y="656"/>
</points>
</Connector>
<Connector class="oracle.dbtools.crest.swingui.relational.TVFKRelation" oid="D4FBDA8C-AE2A-31DA-3834-E123D199B81F" otype="FKIndexAssociation" vid_source="16884449-A3C4-1310-6B92-537300078D2D" vid_target="EE184BB3-9EBD-DB02-64F9-05F6FFD25193">
<hideElementsInCurrentOnly>false</hideElementsInCurrentOnly>
<backgroundColor>-16777216</backgroundColor>
<lineWidth>1</lineWidth>
<points>
<point x="550" y="245"/>
<point x="456" y="245"/>
</points>
</Connector>
<Connector class="oracle.dbtools.crest.swingui.relational.TVFKRelation" oid="E7A599F2-3A06-E59B-492F-48A05F34305E" otype="FKIndexAssociation" vid_source="6ED6DF4C-19DF-D81E-0CDA-4D49CE8EA675" vid_target="A0E4E96A-FC44-95ED-AA4F-BBCF1840EC07">
<hideElementsInCurrentOnly>false</hideElementsInCurrentOnly>
<backgroundColor>-16777216</backgroundColor>
<lineWidth>1</lineWidth>
<points>
<point x="111" y="240"/>
<point x="111" y="166"/>
</points>
</Connector>
<Connector class="oracle.dbtools.crest.swingui.relational.TVFKRelation" oid="E8F88D2C-ABBA-9C73-C8E8-5992110DCEB0" otype="FKIndexAssociation" vid_source="F620034A-0F51-1C09-C634-1A7736065139" vid_target="17E40EE9-ED04-CF32-C19E-785C4F083B10">
<hideElementsInCurrentOnly>false</hideElementsInCurrentOnly>
<backgroundColor>-16777216</backgroundColor>
<lineWidth>1</lineWidth>
<points>
<point x="805" y="507"/>
<point x="902" y="507"/>
</points>
</Connector>
<Connector class="oracle.dbtools.crest.swingui.relational.TVFKRelation" oid="F37BDA23-CB6C-FADA-BF8D-95EEFFC02226" otype="FKIndexAssociation" vid_source="EE184BB3-9EBD-DB02-64F9-05F6FFD25193" vid_target="F620034A-0F51-1C09-C634-1A7736065139">
<hideElementsInCurrentOnly>false</hideElementsInCurrentOnly>
<backgroundColor>-16777216</backgroundColor>
<lineWidth>1</lineWidth>
<points>
<point x="448" y="327"/>
<point x="601" y="415"/>
</points>
</Connector>
</connectors>
</Diagram>
